age,salary,city_type,education_level,employment_type,marital_status,dependents,risk_level,financial_knowledge,monthly_expenses,current_savings,loan_amount,has_loans,investment_goal,emergency_fund_ratio,stocks,mutual_funds,gold_silver,bonds
58,187611,2,2,1,1,2,1,2,114682,108907,90602,1,1,0.9496433616435012,0.05,0.33999999999999997,0.2,0.41000000000000003
48,19523,2,2,4,1,3,1,2,10383,15030,269439,1,1,1.4475585091014158,0.05,0.33999999999999997,0.2,0.41000000000000003
34,8000,1,1,3,1,3,1,2,7200,1000,75007,1,2,0.1388888888888889,0.16999999999999998,0.3,0.2,0.33000000000000007
62,147667,3,3,2,1,1,1,1,77934,107107,51548,1,1,1.374329560910514,0.05,0.27,0.2,0.48
27,26749,1,2,4,0,0,2,2,12591,26141,150359,1,3,2.076165515050433,0.32499999999999996,0.19999999999999998,0.13999999999999999,0.3350000000000001
40,65916,3,1,1,1,2,2,1,26955,22140,147493,1,2,0.8213689482470785,0.14999999999999997,0.16999999999999996,0.15333333333333332,0.5266666666666667
58,22348,1,2,4,1,2,1,2,19789,26376,64152,1,1,1.3328616908383446,0.05,0.3,0.2,0.44999999999999996
38,116270,1,2,1,1,1,2,2,87212,33036,293577,1,2,0.3788010824198505,0.26999999999999996,0.19999999999999998,0.17666666666666667,0.3533333333333334
42,189568,1,3,1,1,1,2,2,140347,57198,411296,1,2,0.4075470084861094,0.25,0.19999999999999998,0.19000000000000003,0.36
30,151012,1,3,1,1,1,2,2,126363,50254,179066,1,2,0.39769552796309043,0.31,0.19999999999999998,0.15,0.33999999999999997
30,111865,2,3,1,1,2,2,2,68167,24409,530302,1,2,0.35807648862352753,0.26,0.24,0.15,0.35
43,89572,2,1,1,1,1,1,1,44293,20158,323771,1,2,0.4551057729212291,0.05,0.29,0.2,0.45999999999999996
55,162696,1,2,2,1,1,2,3,131329,72952,558510,1,1,0.5554904095820421,0.24499999999999994,0.24999999999999997,0.2,0.30500000000000016
59,119360,3,2,2,1,1,2,2,47952,58434,333934,1,1,1.2185935935935936,0.11499999999999999,0.21999999999999997,0.2,0.4650000000000001
43,136555,1,1,2,1,3,1,2,122899,24136,237520,1,2,0.19638890471037193,0.12499999999999999,0.3,0.2,0.375
22,79361,2,2,1,0,0,2,2,41389,19698,170914,1,3,0.47592355456763874,0.3,0.24,0.12333333333333332,0.33666666666666667
41,8000,3,3,3,1,3,1,1,7200,1005,50936,1,2,0.13958333333333334,0.05,0.27,0.2,0.48
21,53302,2,1,2,0,0,2,2,20970,8524,366078,1,3,0.40648545541249403,0.305,0.24,0.12,0.3350000000000001
43,144920,1,2,1,1,2,1,2,103596,38841,153578,1,2,0.37492760338236997,0.12499999999999999,0.3,0.2,0.375
63,135993,3,1,2,2,0,1,1,51291,71422,295863,1,1,1.392486011191047,0.05,0.27,0.2,0.48
49,127775,2,1,1,1,4,1,2,102940,22898,394635,1,1,0.22244025646007384,0.05,0.33999999999999997,0.2,0.41000000000000003
57,162083,1,1,1,1,1,1,2,122066,95534,237842,1,1,0.7826421771828355,0.05500000000000001,0.3,0.2,0.44500000000000006
21,13274,1,4,3,0,0,2,2,8660,3679,35044,1,3,0.42482678983833716,0.355,0.19999999999999998,0.12,0.32500000000000007
40,109258,2,3,1,1,1,1,2,65546,50235,487360,1,2,0.7664083239251823,0.08999999999999997,0.33999999999999997,0.2,0.3700000000000001
52,142495,2,4,1,1,1,1,2,71817,63149,573395,1,1,0.8793043429828592,0.05,0.33999999999999997,0.2,0.41000000000000003
31,8000,2,2,3,1,1,1,1,7200,1000,20088,1,2,0.1388888888888889,0.07499999999999998,0.29,0.2,0.43500000000000005
41,81492,3,1,2,1,2,1,1,34252,19063,177795,1,2,0.5565514422515474,0.05,0.27,0.2,0.48
63,152121,2,2,1,2,2,1,1,73390,59795,580006,1,1,0.8147567788527047,0.05,0.29,0.2,0.45999999999999996
44,126431,1,2,1,1,2,1,2,77171,63223,118892,1,2,0.819258529758588,0.11999999999999998,0.3,0.2,0.38
46,160568,1,3,1,1,2,1,2,96890,74988,588816,1,1,0.7739498400247704,0.10999999999999997,0.3,0.2,0.39
61,173884,1,1,2,1,4,1,2,132433,84536,102322,1,1,0.6383303255230947,0.05,0.3,0.2,0.44999999999999996
47,112463,2,2,1,1,1,1,1,71926,50623,536834,1,1,0.7038205933876485,0.05,0.29,0.2,0.45999999999999996
35,95936,1,1,1,1,1,1,2,73106,16914,253662,1,2,0.2313626788498892,0.16499999999999998,0.3,0.2,0.33499999999999996
34,10757,2,2,4,1,2,1,1,8000,12382,187717,1,2,1.54775,0.05999999999999997,0.29,0.2,0.44999999999999996
63,162273,2,3,1,1,2,1,2,113316,98293,258472,1,1,0.8674238412933742,0.05,0.33999999999999997,0.2,0.41000000000000003
22,55907,3,2,1,0,0,3,2,18738,13843,427153,1,3,0.7387661436652792,0.42000000000000004,0.12000000000000001,0.043333333333333335,0.41666666666666663
56,178399,1,2,1,1,1,1,2,114578,89303,140016,1,1,0.7794079142592819,0.059999999999999956,0.3,0.2,0.44000000000000006
26,52323,3,2,2,0,0,1,2,15485,15581,221164,1,3,1.0061995479496286,0.15999999999999998,0.32,0.15666666666666665,0.3633333333333334
40,176051,1,2,1,1,2,1,2,114241,46296,486839,1,2,0.40524855349655553,0.13999999999999996,0.3,0.2,0.3600000000000001
28,92608,3,3,1,1,2,1,1,45144,26834,364342,1,3,0.5944090023037392,0.08999999999999997,0.27,0.16333333333333336,0.4766666666666667
58,8398,1,3,3,1,2,1,1,7558,1229,185593,1,1,0.16260915586133898,0.05,0.25,0.2,0.5
37,171674,1,4,1,1,2,2,2,103162,65425,314375,1,2,0.6341967003353948,0.27499999999999997,0.19999999999999998,0.1733333333333333,0.3516666666666667
23,97555,2,3,1,0,0,1,2,53366,23939,534906,1,3,0.44858149383502605,0.175,0.33999999999999997,0.17666666666666664,0.30833333333333346
44,159162,1,2,1,1,2,2,2,120731,79320,324477,1,2,0.656997788471892,0.24,0.19999999999999998,0.19666666666666663,0.3633333333333334
33,141130,1,3,1,1,1,1,2,95896,40399,589624,1,2,0.4212793025777926,0.175,0.3,0.2,0.32499999999999996
28,88929,2,2,1,1,2,2,2,52286,20252,579917,1,3,0.38733121676930726,0.26999999999999996,0.24,0.14333333333333334,0.3466666666666667
45,131969,2,2,1,1,1,1,1,80645,51590,264568,1,1,0.6397172794345589,0.05,0.29,0.2,0.45999999999999996
21,72561,2,3,1,0,0,3,2,29992,10372,542961,1,3,0.34582555348092825,0.42500000000000004,0.14,0.07,0.365
39,103823,2,1,1,1,4,1,1,57167,25742,523805,1,2,0.4502947504679273,0.05,0.29,0.2,0.45999999999999996
47,11678,2,4,3,1,2,1,1,8000,1513,42136,1,1,0.189125,0.05,0.29,0.2,0.45999999999999996
26,25451,1,2,4,0,0,1,2,15906,27295,124858,1,3,1.7160191122846724,0.20999999999999996,0.3,0.18666666666666665,0.30333333333333334
63,298699,1,3,2,2,0,1,2,194321,160424,14536,1,1,0.8255618281091596,0.05,0.3,0.2,0.44999999999999996
27,10338,1,3,3,0,0,2,2,8000,2969,167342,1,3,0.371125,0.32499999999999996,0.19999999999999998,0.13999999999999999,0.3350000000000001
54,139337,3,3,1,1,3,1,1,81529,49768,187272,1,1,0.6104330974254559,0.05,0.27,0.2,0.48
33,20886,2,3,4,1,2,1,2,11324,24920,14162,1,2,2.20063581773225,0.12499999999999997,0.33999999999999997,0.2,0.33499999999999996
36,153816,1,3,1,1,2,2,2,106853,35542,300109,1,2,0.33262519536185225,0.27999999999999997,0.19999999999999998,0.17,0.35
55,22914,1,1,4,1,3,1,2,18675,13196,194230,1,1,0.7066131191432397,0.06499999999999996,0.3,0.2,0.43500000000000005
59,27112,3,2,4,2,1,1,1,13019,28071,170983,1,1,2.1561563868192644,0.05,0.27,0.2,0.48
23,106985,1,1,2,0,0,3,3,64170,23599,587121,1,3,0.3677575190899174,0.525,0.15,0.07666666666666666,0.2483333333333333
21,25000,2,3,4,0,0,3,2,11235,20320,87898,1,3,1.8086337338673788,0.42500000000000004,0.14,0.07,0.365
25,70322,2,2,2,0,0,2,2,33224,17603,130223,1,3,0.5298278352997833,0.285,0.24,0.13333333333333333,0.3416666666666668
61,183416,2,3,1,1,2,1,2,104917,115252,149823,1,1,1.0985064384227532,0.05,0.33999999999999997,0.2,0.41000000000000003
23,76792,1,1,1,0,0,3,2,39472,11566,382586,1,3,0.2930178354276449,0.465,0.1,0.07666666666666666,0.3583333333333333
48,107689,3,1,2,1,1,1,2,39850,39305,323945,1,1,0.9863237139272271,0.05,0.32,0.2,0.42999999999999994
37,72464,3,3,1,1,2,1,1,39745,28944,254634,1,2,0.7282425462322305,0.05,0.27,0.19333333333333333,0.4866666666666667
45,98403,2,1,2,1,3,1,2,60024,28281,351199,1,1,0.47116153538584565,0.06499999999999997,0.33999999999999997,0.2,0.395
63,26984,2,1,4,1,1,1,2,16134,24190,67735,1,1,1.4993182099913227,0.05,0.33999999999999997,0.2,0.41000000000000003
53,114678,3,1,1,1,1,1,1,42585,71748,478505,1,1,1.6848185980979218,0.05,0.27,0.2,0.48
29,104032,2,4,2,1,3,1,2,70442,25067,371946,1,3,0.3558530422191306,0.145,0.33999999999999997,0.19666666666666666,0.31833333333333336
55,9734,1,3,3,2,0,1,1,8000,2342,175369,1,1,0.29275,0.05,0.25,0.2,0.5
33,8672,2,2,3,1,3,1,1,7804,1000,185885,1,2,0.12813941568426448,0.06499999999999997,0.29,0.2,0.44500000000000006
50,21273,2,2,4,2,0,1,1,9623,19738,47652,1,1,2.0511275070144444,0.05,0.29,0.2,0.45999999999999996
34,111543,1,2,1,1,2,1,2,73409,25941,525545,1,2,0.35337628901088425,0.16999999999999998,0.3,0.2,0.33000000000000007
27,27621,2,3,4,0,0,1,2,9864,29879,111443,1,3,3.029095701540957,0.15499999999999997,0.33999999999999997,0.19,0.31500000000000006
33,74859,3,3,2,1,1,1,1,32494,13981,203420,1,2,0.43026404874746105,0.06499999999999997,0.27,0.18000000000000002,0.485
42,77131,3,1,1,1,3,1,1,33913,12965,411753,1,2,0.3823017721817592,0.05,0.27,0.2,0.48
59,176538,1,1,1,1,2,1,2,143144,58947,278858,1,1,0.4118021013804281,0.05,0.3,0.2,0.44999999999999996
40,124885,1,1,2,1,2,2,3,107334,25694,522202,1,2,0.23938360631300426,0.31999999999999995,0.24999999999999997,0.18333333333333332,0.2466666666666667
35,95848,3,3,1,1,2,1,1,40473,37688,326649,1,2,0.9311886936970326,0.05499999999999999,0.27,0.18666666666666668,0.4883333333333333
64,125023,3,3,2,1,3,1,1,70612,30866,463220,1,1,0.4371211692063672,0.05,0.27,0.2,0.48
37,148289,1,2,2,1,4,1,2,133460,32458,147768,1,2,0.2432039562415705,0.15499999999999997,0.3,0.2,0.345
43,77938,3,1,1,1,2,2,1,42744,30849,298012,1,2,0.7217153284671532,0.13499999999999998,0.16999999999999996,0.16333333333333333,0.5316666666666667
45,75004,3,1,2,1,2,1,1,38522,40348,591620,1,1,1.0474014848657909,0.05,0.27,0.2,0.48
44,175061,2,4,2,1,4,1,2,106885,50509,504230,1,2,0.47255461477288674,0.06999999999999998,0.33999999999999997,0.2,0.3900000000000001
64,159459,2,2,1,1,2,1,2,93048,53845,179970,1,1,0.5786798211675694,0.05,0.33999999999999997,0.2,0.41000000000000003
60,209736,1,3,1,2,0,1,2,96218,73423,238882,1,1,0.7630900663077594,0.05,0.3,0.2,0.44999999999999996
48,144416,1,3,1,1,1,2,2,108998,62180,264907,1,1,0.5704691829207875,0.21999999999999997,0.19999999999999998,0.2,0.3800000000000001
34,131243,1,2,1,1,3,1,2,112398,16314,425182,1,2,0.14514493140447338,0.16999999999999998,0.3,0.2,0.33000000000000007
64,12246,3,1,3,1,2,1,1,8000,3489,151398,1,1,0.436125,0.05,0.27,0.2,0.48
20,75198,1,1,1,0,0,3,3,41988,14098,474763,1,3,0.33576259883776316,0.54,0.15,0.06666666666666668,0.2433333333333333
44,188961,1,3,2,1,2,1,2,164062,87195,354937,1,2,0.5314759054503785,0.11999999999999998,0.3,0.2,0.38
26,115993,1,3,1,0,0,3,3,68437,33191,505410,1,3,0.4849861916799392,0.51,0.15,0.08666666666666667,0.2533333333333333
28,85705,2,3,1,1,2,1,1,48451,26927,318539,1,3,0.5557573631091206,0.08999999999999997,0.29,0.19333333333333336,0.42666666666666675
43,8000,3,2,3,1,1,1,1,7200,1248,24776,1,2,0.17333333333333334,0.05,0.27,0.2,0.48
20,83873,1,1,2,0,0,3,3,39320,17729,382220,1,3,0.4508901322482197,0.54,0.15,0.06666666666666668,0.2433333333333333
63,285258,1,4,1,1,2,1,2,212155,118678,190460,1,1,0.5593928967028823,0.05,0.3,0.2,0.44999999999999996
27,93462,2,3,1,0,0,2,2,37044,28539,496496,1,3,0.7704081632653061,0.27499999999999997,0.24,0.13999999999999999,0.3450000000000001
43,155097,1,2,1,1,1,2,2,126078,59186,389350,1,2,0.4694395532924063,0.245,0.19999999999999998,0.19333333333333333,0.3616666666666667
30,163622,1,4,1,1,2,1,2,132869,40841,423402,1,2,0.3073779436888966,0.19,0.3,0.2,0.31000000000000005
36,169321,1,3,2,1,2,2,2,124454,69540,565281,1,2,0.5587606665916725,0.27999999999999997,0.19999999999999998,0.17,0.35
27,120200,1,2,1,0,0,3,2,58616,25733,314171,1,3,0.4390098266684864,0.445,0.1,0.09,0.365
54,164398,1,3,1,1,2,1,2,118178,75343,265697,1,1,0.6375382896985903,0.06999999999999997,0.3,0.2,0.43000000000000005
54,222018,1,3,1,1,3,1,2,182231,72444,588620,1,1,0.3975393868222202,0.06999999999999997,0.3,0.2,0.43000000000000005
52,11031,1,3,3,1,3,1,1,8000,1564,265860,1,1,0.1955,0.05,0.25,0.2,0.5
24,17549,3,1,4,0,0,1,1,8000,15333,64608,1,3,1.916625,0.10999999999999999,0.27,0.15,0.47
61,208140,1,2,1,1,3,1,2,140443,91884,331890,1,1,0.6542440705481939,0.05,0.3,0.2,0.44999999999999996
58,174782,2,4,2,2,0,1,2,76115,95154,307539,1,1,1.2501346646521712,0.05,0.33999999999999997,0.2,0.41000000000000003
60,138983,2,1,1,1,1,1,2,83331,81348,174547,1,1,0.9762033336933434,0.05,0.33999999999999997,0.2,0.41000000000000003
47,211061,1,2,1,1,2,1,2,160844,76534,578909,1,1,0.47582750988535477,0.105,0.3,0.2,0.395
26,93282,2,2,2,0,0,2,2,39662,22992,302156,1,3,0.5796984519187132,0.27999999999999997,0.24,0.13666666666666666,0.34333333333333327
28,13747,1,2,3,1,4,1,2,12356,2596,268832,1,3,0.2101003561022985,0.19999999999999996,0.3,0.19333333333333336,0.30666666666666664
27,10941,3,3,4,0,0,1,1,8000,9499,37871,1,3,1.187375,0.09499999999999997,0.27,0.16,0.475
31,129190,1,4,2,1,3,1,2,90601,26388,373935,1,2,0.29125506340989615,0.185,0.3,0.2,0.31499999999999995
53,139172,1,1,1,1,3,1,2,106138,26487,111980,1,1,0.24955246942659556,0.07499999999999997,0.3,0.2,0.42500000000000004
52,145889,1,1,2,2,0,2,2,100086,49980,482110,1,1,0.49937054133445236,0.19999999999999996,0.19999999999999998,0.2,0.40000000000000013
42,80765,3,1,1,1,2,1,1,45702,33996,390456,1,2,0.7438624130235001,0.05,0.27,0.2,0.48
43,151778,2,3,2,1,2,2,2,100680,41836,412794,1,2,0.4155343663090981,0.19499999999999998,0.24,0.19333333333333333,0.3716666666666667
56,146229,2,3,1,1,1,1,1,70215,70824,125860,1,1,1.0086733603930784,0.05,0.29,0.2,0.45999999999999996
54,207452,1,2,2,1,1,2,3,125444,79963,205519,1,1,0.6374398137814483,0.24999999999999994,0.24999999999999997,0.2,0.30000000000000004
63,224921,2,3,1,1,4,1,1,143501,60678,137165,1,1,0.4228402589528993,0.05,0.29,0.2,0.45999999999999996
59,226450,1,3,1,1,1,1,2,139289,140551,57782,1,1,1.0090602990903805,0.05,0.3,0.2,0.44999999999999996
41,10311,3,3,3,1,1,1,1,8000,1089,125487,1,2,0.136125,0.05,0.27,0.2,0.48
46,157700,1,4,1,1,1,1,2,118045,85830,383092,1,1,0.7270955991359227,0.10999999999999997,0.3,0.2,0.39
54,224574,1,2,1,1,4,1,2,187141,49495,406074,1,1,0.2644797238445878,0.06999999999999997,0.3,0.2,0.43000000000000005
20,82933,1,3,1,0,0,2,2,50033,18816,374625,1,3,0.37607179261687285,0.35999999999999993,0.19999999999999998,0.11666666666666667,0.32333333333333336
54,199092,1,2,1,1,2,1,2,173148,100603,54605,1,1,0.5810231709289163,0.06999999999999997,0.3,0.2,0.43000000000000005
56,153873,2,3,1,1,2,1,1,83887,75769,222253,1,1,0.9032269600772468,0.05,0.29,0.2,0.45999999999999996
33,111187,1,3,1,1,4,1,2,81970,25048,168529,1,2,0.30557521044284497,0.175,0.3,0.2,0.32499999999999996
22,8000,2,3,3,0,0,1,1,7200,2344,169814,1,3,0.32555555555555554,0.11999999999999998,0.29,0.17333333333333334,0.41666666666666674
20,84238,1,3,1,0,0,1,2,44031,8641,408239,1,3,0.19624809793100315,0.24,0.3,0.16666666666666669,0.2933333333333332
24,21465,2,1,4,0,0,2,2,9855,23240,37302,1,3,2.3581938102486046,0.29,0.24,0.12999999999999998,0.33999999999999997
45,128010,1,2,2,1,2,2,2,111607,36614,188604,1,1,0.3280618599191807,0.235,0.19999999999999998,0.19999999999999998,0.3650000000000001
33,159323,1,4,1,1,2,1,2,110001,45153,536517,1,2,0.41047808656284945,0.175,0.3,0.2,0.32499999999999996
58,194409,2,4,2,1,1,1,2,97885,124298,148546,1,1,1.2698370536854473,0.05,0.33999999999999997,0.2,0.41000000000000003
46,188982,1,1,1,1,1,1,2,132210,92121,429699,1,1,0.6967778534150215,0.10999999999999997,0.3,0.2,0.39
28,119257,1,1,2,1,3,2,2,103339,24336,303432,1,3,0.23549676308073428,0.31999999999999995,0.19999999999999998,0.14333333333333334,0.3366666666666668
34,58467,3,1,1,1,3,1,1,27860,15056,230987,1,2,0.5404163675520459,0.05999999999999997,0.27,0.18333333333333332,0.4866666666666667
34,85385,3,3,1,1,2,1,1,36509,25613,589725,1,2,0.7015530417157413,0.05999999999999997,0.27,0.18333333333333332,0.4866666666666667
45,11923,1,3,3,1,2,1,2,8036,2326,159447,1,1,0.28944748631159783,0.11499999999999998,0.3,0.2,0.385
61,14057,1,1,3,1,2,1,1,9977,2155,60355,1,1,0.21599679262303298,0.05,0.25,0.2,0.5
32,8203,2,2,3,1,1,2,1,7382,1082,169512,1,2,0.14657274451368194,0.18999999999999997,0.18999999999999997,0.15666666666666665,0.4633333333333334
51,193009,1,3,1,2,0,1,2,127328,117030,151786,1,1,0.9191222669012314,0.08499999999999998,0.3,0.2,0.41500000000000004
58,190550,1,3,2,1,1,1,2,106100,109338,59416,1,1,1.0305183788878416,0.05,0.3,0.2,0.44999999999999996
51,153207,1,2,1,1,1,1,2,96538,41282,313276,1,1,0.42762435517620007,0.08499999999999998,0.3,0.2,0.41500000000000004
23,65923,2,2,1,0,0,2,2,28384,17507,192976,1,3,0.6167911499436303,0.295,0.24,0.12666666666666665,0.3383333333333334
49,118604,2,2,1,1,3,1,2,59760,37081,155526,1,1,0.6204986613119143,0.05,0.33999999999999997,0.2,0.41000000000000003
56,168862,1,2,2,1,1,2,2,119603,105094,144552,1,1,0.878690333854502,0.17999999999999994,0.19999999999999998,0.2,0.42000000000000015
42,177539,1,2,1,1,1,1,2,102435,72856,233755,1,2,0.7112412749548495,0.13,0.3,0.2,0.37
58,205961,1,3,1,1,2,1,2,171774,115677,164011,1,1,0.6734255475217437,0.05,0.3,0.2,0.44999999999999996
64,13943,2,3,3,1,3,1,1,10736,2582,298902,1,1,0.24049925484351714,0.05,0.29,0.2,0.45999999999999996
34,131996,1,3,1,1,1,2,2,74413,37238,138309,1,2,0.5004233131307702,0.29,0.19999999999999998,0.1633333333333333,0.3466666666666667
62,235332,1,3,1,1,1,1,2,159024,104629,94607,1,1,0.6579447127477613,0.05,0.3,0.2,0.44999999999999996
48,157208,2,1,1,1,2,1,2,91361,58023,501031,1,1,0.6350959380917459,0.05,0.33999999999999997,0.2,0.41000000000000003
55,10413,1,2,3,2,1,1,2,8000,3080,157790,1,1,0.385,0.06499999999999996,0.3,0.2,0.43500000000000005
32,70236,2,1,1,1,2,2,2,34092,25747,479998,1,2,0.7552211662560131,0.24999999999999997,0.24,0.15666666666666665,0.3533333333333334
51,165425,1,1,1,1,3,1,2,137170,55313,274497,1,1,0.40324414959539256,0.08499999999999998,0.3,0.2,0.41500000000000004
26,13433,1,3,3,0,0,2,2,9011,2311,90770,1,3,0.25646432138497394,0.32999999999999996,0.19999999999999998,0.13666666666666666,0.3333333333333335
41,13084,1,4,3,1,4,1,2,11422,1666,198742,1,2,0.1458588688495885,0.135,0.3,0.2,0.365
47,123590,2,1,1,1,3,1,2,75102,46673,586970,1,1,0.6214614790551517,0.05499999999999999,0.33999999999999997,0.2,0.405
21,49206,3,2,2,0,0,2,2,20303,5955,65509,1,3,0.29330640792001184,0.305,0.21999999999999997,0.09,0.3850000000000001
61,123320,3,3,2,1,2,1,2,48395,60143,561571,1,1,1.2427523504494267,0.05,0.32,0.2,0.42999999999999994
64,177191,1,1,2,1,2,1,2,112420,105845,53871,1,1,0.9415139654865682,0.05,0.3,0.2,0.44999999999999996
25,65912,2,2,1,0,0,1,2,24963,14264,594537,1,3,0.5714056804070023,0.16499999999999998,0.33999999999999997,0.18333333333333335,0.31166666666666676
47,13216,1,3,3,1,1,1,2,8000,2158,134052,1,1,0.26975,0.105,0.3,0.2,0.395
47,142984,1,3,1,1,4,1,2,128685,39459,331755,1,1,0.3066324746473948,0.105,0.3,0.2,0.395
63,107578,3,1,1,2,0,1,1,46960,75356,406695,1,1,1.6046848381601362,0.05,0.27,0.2,0.48
63,169649,1,2,1,1,1,1,2,112564,56842,236265,1,1,0.5049749475853736,0.05,0.3,0.2,0.44999999999999996
39,161178,1,3,1,1,2,2,2,143580,71525,237086,1,2,0.4981543390444352,0.26499999999999996,0.19999999999999998,0.18000000000000002,0.355
49,156214,1,2,1,1,1,1,2,126333,45128,156777,1,1,0.357214662835522,0.09499999999999999,0.3,0.2,0.405
30,86827,1,1,2,1,2,1,2,78144,17738,157025,1,2,0.22699119574119575,0.19,0.3,0.2,0.31000000000000005
47,192451,1,3,1,1,2,1,2,163419,102719,69534,1,1,0.62856216229447,0.105,0.3,0.2,0.395
44,101308,2,1,1,1,2,1,2,53107,50628,481427,1,2,0.9533206545276517,0.06999999999999998,0.33999999999999997,0.2,0.3900000000000001
58,179084,1,3,1,2,1,1,2,105482,122927,121594,1,1,1.1653836673555678,0.05,0.3,0.2,0.44999999999999996
52,92150,3,1,1,1,1,1,1,36238,55939,151292,1,1,1.5436558308957449,0.05,0.27,0.2,0.48
20,27619,3,4,4,0,0,2,2,8000,29930,170447,1,3,3.74125,0.30999999999999994,0.21999999999999997,0.08666666666666667,0.3833333333333334
46,162542,1,2,1,1,2,1,2,127306,62396,400683,1,1,0.4901261527343566,0.10999999999999997,0.3,0.2,0.39
32,130746,1,2,1,1,2,3,2,88554,41584,580427,1,2,0.46958917722519594,0.42,0.1,0.10666666666666666,0.3733333333333333
60,202189,1,1,1,1,2,1,2,134675,107603,134037,1,1,0.7989827362168183,0.05,0.3,0.2,0.44999999999999996
22,59964,2,2,1,0,0,2,2,24024,15420,187587,1,3,0.6418581418581418,0.3,0.24,0.12333333333333332,0.33666666666666667
58,177261,1,3,1,1,3,1,2,117221,46045,336891,1,1,0.3928050434649082,0.05,0.3,0.2,0.44999999999999996
25,81350,2,4,2,0,0,2,2,32414,16063,424248,1,3,0.49555747516505216,0.285,0.24,0.13333333333333333,0.3416666666666668
27,19673,1,2,4,0,0,2,2,10141,19604,5652,1,3,1.9331426880978206,0.32499999999999996,0.19999999999999998,0.13999999999999999,0.3350000000000001
46,124406,2,2,1,1,2,2,2,86130,57137,107455,1,1,0.6633809357947289,0.17999999999999997,0.24,0.2,0.3800000000000001
28,118670,1,3,2,1,2,2,2,94893,18683,164701,1,3,0.19688491248037263,0.31999999999999995,0.19999999999999998,0.14333333333333334,0.3366666666666668
56,220733,1,3,2,1,1,1,2,169717,76204,225832,1,1,0.44900628693648836,0.059999999999999956,0.3,0.2,0.44000000000000006
52,9763,3,2,3,1,4,1,1,8000,1025,157387,1,1,0.128125,0.05,0.27,0.2,0.48
61,178835,2,2,1,1,2,1,2,102311,81307,343720,1,1,0.794704381738034,0.05,0.33999999999999997,0.2,0.41000000000000003
63,221111,1,2,1,2,1,1,2,164975,81989,169013,1,1,0.4969783300500076,0.05,0.3,0.2,0.44999999999999996
43,109104,3,3,1,1,1,1,1,48912,28122,436695,1,2,0.5749509322865555,0.05,0.27,0.2,0.48
34,103244,1,1,2,1,1,2,2,79733,39791,398069,1,2,0.4990530896868298,0.29,0.19999999999999998,0.1633333333333333,0.3466666666666667
51,8044,3,3,3,1,2,1,1,7239,1589,58892,1,1,0.21950545655477277,0.05,0.27,0.2,0.48
51,133894,2,2,1,1,3,1,2,102528,41332,106829,1,1,0.4031289013732834,0.05,0.33999999999999997,0.2,0.41000000000000003
43,180062,1,3,1,1,2,1,2,138277,70057,138823,1,2,0.5066424640395727,0.12499999999999999,0.3,0.2,0.375
60,8000,1,1,3,1,4,1,2,7200,1000,147923,1,1,0.1388888888888889,0.05,0.3,0.2,0.44999999999999996
31,13446,1,2,3,1,2,2,2,11864,2515,30794,1,2,0.21198583951449765,0.305,0.19999999999999998,0.1533333333333333,0.3416666666666667
58,15787,2,2,4,1,2,1,2,8000,17594,75363,1,1,2.19925,0.05,0.33999999999999997,0.2,0.41000000000000003
21,70178,2,3,2,0,0,2,2,29853,8404,414091,1,3,0.28151274578769303,0.305,0.24,0.12,0.3350000000000001
22,78519,1,1,1,0,0,2,2,48664,19279,373618,1,3,0.396165543317442,0.35,0.19999999999999998,0.12333333333333332,0.32666666666666677
56,179844,1,2,2,2,0,1,2,123339,117870,46235,1,1,0.9556587940554082,0.059999999999999956,0.3,0.2,0.44000000000000006
36,66677,3,2,2,1,3,1,2,39934,8426,271911,1,2,0.21099814694245506,0.10999999999999999,0.32,0.19000000000000003,0.38
21,52021,3,2,1,0,0,3,2,17730,11721,407015,1,3,0.661082910321489,0.42500000000000004,0.12000000000000001,0.04000000000000001,0.4149999999999999
21,73009,2,3,1,0,0,2,2,30901,14121,530427,1,3,0.4569755024109252,0.305,0.24,0.12,0.3350000000000001
47,135694,1,3,2,1,1,1,2,100589,48184,476606,1,1,0.4790185805604987,0.105,0.3,0.2,0.395
42,171428,1,3,1,1,3,1,2,154285,42953,376700,1,2,0.2784003629646434,0.13,0.3,0.2,0.37
56,217037,1,2,2,1,4,1,2,192468,101946,140573,1,1,0.5296776607020388,0.059999999999999956,0.3,0.2,0.44000000000000006
51,136495,3,3,2,1,4,1,1,75454,30449,282525,1,1,0.4035438810401039,0.05,0.27,0.2,0.48
52,8877,1,2,4,1,2,1,2,7989,9992,175883,1,1,1.2507197396420078,0.07999999999999997,0.3,0.2,0.42000000000000004
20,53025,2,1,1,0,0,2,2,26797,11156,119621,1,3,0.4163152591708027,0.30999999999999994,0.24,0.11666666666666667,0.33333333333333337
38,135720,1,1,1,1,2,1,2,114492,34964,593991,1,2,0.30538378227299723,0.14999999999999997,0.3,0.2,0.3500000000000001
21,57468,2,2,2,0,0,2,2,30022,13581,432187,1,3,0.45236826327359936,0.305,0.24,0.12,0.3350000000000001
63,182782,2,3,1,1,3,1,1,101631,47664,440568,1,1,0.4689907606930956,0.05,0.29,0.2,0.45999999999999996
45,127363,3,3,2,1,1,1,1,67206,63493,118998,1,1,0.9447519566705354,0.05,0.27,0.2,0.48
51,223303,1,3,2,1,2,1,2,200972,127603,121105,1,1,0.6349292438747687,0.08499999999999998,0.3,0.2,0.41500000000000004
25,88429,1,2,1,0,0,2,2,52689,21056,342389,1,3,0.3996280058456224,0.33499999999999996,0.19999999999999998,0.13333333333333333,0.3316666666666668
51,167575,1,2,1,1,1,1,2,121009,45795,152889,1,1,0.37844292573279675,0.08499999999999998,0.3,0.2,0.41500000000000004
23,53096,3,1,1,0,0,2,2,21200,10425,238961,1,3,0.49174528301886794,0.295,0.21999999999999997,0.09666666666666665,0.3883333333333334
30,74534,3,2,1,1,2,2,2,37743,19047,545157,1,2,0.504649868849853,0.26,0.21999999999999997,0.12,0.4
36,8681,2,2,3,1,1,1,1,7812,1166,109997,1,2,0.14925755248335892,0.05,0.29,0.2,0.45999999999999996
57,8000,2,1,3,1,1,1,1,7200,1054,82683,1,1,0.1463888888888889,0.05,0.29,0.2,0.45999999999999996
43,133829,2,1,2,1,2,1,2,68742,67967,136341,1,2,0.9887259608390795,0.07499999999999998,0.33999999999999997,0.2,0.385
24,102233,1,2,2,0,0,3,3,50585,16892,457060,1,3,0.33393298408619154,0.52,0.15,0.07999999999999999,0.25
53,116019,3,3,1,1,2,1,1,57351,57008,451425,1,1,0.9940192847552789,0.05,0.27,0.2,0.48
25,13625,1,4,3,0,0,3,2,8000,3525,122808,1,3,0.440625,0.455,0.1,0.08333333333333334,0.3616666666666666
41,186491,1,4,2,1,2,1,2,162262,50932,355131,1,2,0.3138874166471509,0.135,0.3,0.2,0.365
30,77067,2,3,2,1,1,2,2,38021,26740,316892,1,2,0.7032955471976013,0.26,0.24,0.15,0.35
35,12952,1,2,3,1,2,1,2,11449,3102,118654,1,2,0.2709406935103503,0.16499999999999998,0.3,0.2,0.33499999999999996
52,179224,1,3,1,1,1,1,2,103308,73884,216697,1,1,0.7151817865024974,0.07999999999999997,0.3,0.2,0.42000000000000004
28,13102,2,3,3,1,2,2,2,8000,1801,188251,1,3,0.225125,0.26999999999999996,0.24,0.14333333333333334,0.3466666666666667
25,73795,1,1,1,0,0,2,2,42176,16986,394397,1,3,0.4027408952959029,0.33499999999999996,0.19999999999999998,0.13333333333333333,0.3316666666666668
35,104749,2,2,1,1,2,3,2,57447,38372,255596,1,2,0.6679548105210019,0.35500000000000004,0.14,0.11666666666666667,0.3883333333333333
48,172161,1,3,1,1,2,1,2,153058,60038,324839,1,1,0.3922565302042363,0.09999999999999999,0.3,0.2,0.4
22,11815,1,2,4,0,0,2,2,8000,9941,161136,1,3,1.242625,0.35,0.19999999999999998,0.12333333333333332,0.32666666666666677
39,14118,1,2,3,1,3,1,2,12706,1290,90404,1,2,0.1015268377144656,0.14499999999999996,0.3,0.2,0.355
55,210174,1,2,2,1,2,1,2,132212,109728,58567,1,1,0.8299397936647203,0.06499999999999996,0.3,0.2,0.43500000000000005
38,107892,2,1,2,1,3,1,2,68562,32588,439754,1,2,0.47530702138210673,0.09999999999999998,0.33999999999999997,0.2,0.3600000000000001
45,157989,1,2,2,1,2,1,2,114580,49838,257744,1,1,0.4349624716355385,0.11499999999999998,0.3,0.2,0.385
22,12706,2,2,3,0,0,2,1,8000,2429,158500,1,3,0.303625,0.24,0.18999999999999997,0.12333333333333332,0.44666666666666677
38,127297,1,1,1,1,2,1,2,91502,47677,165226,1,2,0.521048720246552,0.14999999999999997,0.3,0.2,0.3500000000000001
39,106504,2,1,1,1,2,1,2,70561,45569,481343,1,2,0.6458100083615596,0.09499999999999997,0.33999999999999997,0.2,0.365
51,118369,3,3,1,1,1,1,1,62397,41452,134175,1,1,0.6643268105838421,0.05,0.27,0.2,0.48
26,91367,2,2,2,0,0,2,2,45063,18433,106296,1,3,0.4090495528482347,0.27999999999999997,0.24,0.13666666666666666,0.34333333333333327
60,171537,1,2,2,1,2,1,2,142885,85753,549111,1,1,0.6001539699758547,0.05,0.3,0.2,0.44999999999999996
52,189318,1,2,1,1,2,1,2,170386,99452,390669,1,1,0.5836864531123449,0.07999999999999997,0.3,0.2,0.42000000000000004
59,220836,1,4,1,2,0,1,2,155169,141300,70365,1,1,0.9106200336407401,0.05,0.3,0.2,0.44999999999999996
58,11811,2,2,3,1,1,1,1,8000,3104,46518,1,1,0.388,0.05,0.29,0.2,0.45999999999999996
37,126017,1,2,1,1,1,2,2,87581,31531,408442,1,2,0.3600210091229833,0.27499999999999997,0.19999999999999998,0.1733333333333333,0.3516666666666667
59,236796,1,3,2,1,4,1,2,201034,50283,354501,1,1,0.2501218699324492,0.05,0.3,0.2,0.44999999999999996
20,28541,2,3,4,0,0,1,1,12980,28598,198319,1,3,2.2032357473035438,0.12999999999999998,0.29,0.16666666666666669,0.41333333333333333
30,111388,1,1,1,1,2,2,2,86979,39492,591607,1,2,0.45404063049701654,0.31,0.19999999999999998,0.15,0.33999999999999997
47,160427,2,3,1,1,1,1,1,103326,46235,417512,1,1,0.447467239610553,0.05,0.29,0.2,0.45999999999999996
44,118716,1,2,2,1,2,1,2,86330,41619,321435,1,2,0.48209197266303716,0.11999999999999998,0.3,0.2,0.38
42,9150,1,2,3,1,2,2,2,8000,2376,98228,1,2,0.297,0.25,0.19999999999999998,0.19000000000000003,0.36
50,152893,2,1,1,2,1,1,2,76490,68837,441239,1,1,0.8999477055824291,0.05,0.33999999999999997,0.2,0.41000000000000003
49,21833,1,1,4,1,1,1,2,17879,24504,20314,1,1,1.3705464511438,0.09499999999999999,0.3,0.2,0.405
61,213565,2,3,1,1,1,1,1,97277,130240,65670,1,1,1.3388570782404885,0.05,0.29,0.2,0.45999999999999996
54,144432,1,2,1,1,3,1,2,117357,38558,137636,1,1,0.3285530475387067,0.06999999999999997,0.3,0.2,0.43000000000000005
26,109653,1,2,2,0,0,1,2,51318,23978,136680,1,3,0.46724346233290465,0.20999999999999996,0.3,0.18666666666666665,0.30333333333333334
35,8000,3,3,3,1,1,1,1,7200,1202,39167,1,2,0.16694444444444445,0.05499999999999999,0.27,0.18666666666666668,0.4883333333333333
45,141403,2,3,1,1,1,1,1,83655,66090,342626,1,1,0.7900304823381746,0.05,0.29,0.2,0.45999999999999996
21,12338,2,1,3,0,0,1,1,8000,1355,156954,1,3,0.169375,0.12499999999999999,0.29,0.16999999999999998,0.41500000000000004
20,80323,1,3,2,0,0,3,3,54272,8144,342747,1,3,0.15005896226415094,0.54,0.15,0.06666666666666668,0.2433333333333333
31,71570,2,1,1,1,4,1,2,59233,14588,267738,1,2,0.24628163354886634,0.13499999999999998,0.33999999999999997,0.2,0.32499999999999996
24,121157,1,3,1,0,0,2,2,65264,19555,141176,1,3,0.29962919833292473,0.33999999999999997,0.19999999999999998,0.12999999999999998,0.33000000000000007
56,11238,1,3,3,1,2,1,1,8000,1653,110059,1,1,0.206625,0.05,0.25,0.2,0.5
51,168254,3,4,1,1,1,1,1,61490,79675,235634,1,1,1.295739144576354,0.05,0.27,0.2,0.48
28,96637,1,1,1,1,1,1,2,58266,23541,407467,1,3,0.40402636185768714,0.19999999999999996,0.3,0.19333333333333336,0.30666666666666664
60,157667,3,1,1,1,1,1,1,71430,67036,588593,1,1,0.9384852302953941,0.05,0.27,0.2,0.48
54,8000,1,2,3,1,1,1,2,7200,1000,22262,1,1,0.1388888888888889,0.06999999999999997,0.3,0.2,0.43000000000000005
38,159078,1,2,2,1,3,2,2,105062,43050,206062,1,2,0.4097580476290191,0.26999999999999996,0.19999999999999998,0.17666666666666667,0.3533333333333334
35,89184,2,1,2,1,2,1,2,48690,33006,336547,1,2,0.6778804682686383,0.11499999999999999,0.33999999999999997,0.2,0.345
22,83468,3,4,1,0,0,3,2,29136,15004,584306,1,3,0.5149643053267435,0.42000000000000004,0.12000000000000001,0.043333333333333335,0.41666666666666663
39,113216,2,1,2,1,3,1,2,73271,30880,485904,1,2,0.4214491408606406,0.09499999999999997,0.33999999999999997,0.2,0.365
43,107226,3,2,2,1,4,1,1,53461,18884,549114,1,2,0.35322945698733654,0.05,0.27,0.2,0.48
52,9332,2,3,3,1,2,1,1,8000,1543,66742,1,1,0.192875,0.05,0.29,0.2,0.45999999999999996
43,10555,2,2,3,1,1,1,1,8000,2421,198407,1,2,0.302625,0.05,0.29,0.2,0.45999999999999996
30,72098,3,3,1,1,2,2,1,34171,20206,151416,1,2,0.591320125252407,0.19999999999999998,0.16999999999999996,0.12,0.51
27,100794,1,1,2,0,0,1,2,60122,27700,126486,1,3,0.4607298493064103,0.20499999999999996,0.3,0.19,0.30500000000000016
55,178914,1,2,1,1,4,1,2,161022,60198,527801,1,1,0.3738495360882364,0.06499999999999996,0.3,0.2,0.43500000000000005
57,179799,1,1,1,1,3,1,2,161819,79738,563632,1,1,0.49276042986299506,0.05500000000000001,0.3,0.2,0.44500000000000006
59,137057,3,1,1,1,1,1,1,57904,63796,145292,1,1,1.101754628350373,0.05,0.27,0.2,0.48
39,113974,3,4,1,1,2,1,1,60521,40351,156713,1,2,0.6667272516977578,0.05,0.27,0.2,0.48
54,196949,1,1,1,1,2,1,2,123087,119591,6634,1,1,0.9715973254689773,0.06999999999999997,0.3,0.2,0.43000000000000005
44,125602,2,2,2,1,4,1,2,68890,39609,152253,1,2,0.5749600812890114,0.06999999999999998,0.33999999999999997,0.2,0.3900000000000001
54,125492,3,2,1,1,1,1,1,60951,79094,204709,1,1,1.297665337730308,0.05,0.27,0.2,0.48
44,169906,1,2,2,1,2,2,2,105202,68613,585038,1,2,0.6522024296116044,0.24,0.19999999999999998,0.19666666666666663,0.3633333333333334
48,182456,2,3,1,1,3,1,1,113644,44841,433930,1,1,0.3945742846080743,0.05,0.29,0.2,0.45999999999999996
37,76419,3,1,1,1,2,1,1,29702,25273,489276,1,2,0.8508854622584338,0.05,0.27,0.19333333333333333,0.4866666666666667
37,116650,1,3,2,1,2,2,2,89238,24739,488069,1,2,0.2772249490127524,0.27499999999999997,0.19999999999999998,0.1733333333333333,0.3516666666666667
21,62804,2,4,1,0,0,2,2,29674,13407,367536,1,3,0.4518096650266226,0.305,0.24,0.12,0.3350000000000001
54,205955,1,2,1,1,1,1,2,163103,126092,159497,1,1,0.7730820401831972,0.06999999999999997,0.3,0.2,0.43000000000000005
35,77705,3,4,2,1,1,2,2,32486,31742,397903,1,2,0.9770978267561411,0.235,0.21999999999999997,0.13666666666666666,0.40833333333333344
60,96943,3,1,1,2,0,1,1,40567,41155,257273,1,1,1.0144945398969605,0.05,0.27,0.2,0.48
55,117057,3,2,1,1,4,1,1,55069,36268,380555,1,1,0.6585919482830631,0.05,0.27,0.2,0.48
52,224633,1,2,1,2,0,1,2,125680,105479,106701,1,1,0.8392663908338638,0.07999999999999997,0.3,0.2,0.42000000000000004
23,14503,3,3,3,0,0,2,1,8000,3625,164690,1,3,0.453125,0.235,0.16999999999999996,0.09666666666666665,0.4983333333333334
52,138417,3,4,2,1,2,1,1,66064,41269,590863,1,1,0.6246821264228627,0.05,0.27,0.2,0.48
33,131224,1,2,2,1,2,2,2,117467,31041,305521,1,2,0.26425293912332826,0.295,0.19999999999999998,0.16,0.345
40,97955,3,3,2,1,1,2,2,51606,22823,481695,1,2,0.4422547765763671,0.20999999999999996,0.21999999999999997,0.15333333333333332,0.41666666666666674
39,144226,1,1,1,1,2,1,2,129803,31707,149881,1,2,0.24427016324738257,0.14499999999999996,0.3,0.2,0.355
27,73936,2,2,1,0,0,3,2,29293,10632,488415,1,3,0.3629536066637081,0.395,0.14,0.09,0.375
26,87658,1,2,2,0,0,3,2,55954,24960,285708,1,3,0.4460807091539479,0.45,0.1,0.08666666666666667,0.3633333333333333
22,113511,1,4,1,0,0,2,2,64458,28717,119695,1,3,0.4455149089329486,0.35,0.19999999999999998,0.12333333333333332,0.32666666666666677
36,154039,1,3,1,1,3,1,2,134032,36527,281623,1,2,0.27252447176793604,0.15999999999999998,0.3,0.2,0.3400000000000001
52,157945,2,2,1,2,1,1,1,90185,58129,405321,1,1,0.6445528635582414,0.05,0.29,0.2,0.45999999999999996
31,95129,1,1,1,1,2,1,2,68700,33446,159625,1,2,0.4868413391557496,0.185,0.3,0.2,0.31499999999999995
41,26173,2,1,4,1,2,1,1,18317,31161,184806,1,2,1.701206529453513,0.05,0.29,0.2,0.45999999999999996
41,145556,1,1,1,1,1,1,2,121432,35159,138836,1,2,0.28953653073324986,0.135,0.3,0.2,0.365
49,142693,1,2,1,1,4,1,2,128423,38513,565003,1,1,0.2998917639363665,0.09499999999999999,0.3,0.2,0.405
57,181298,2,3,1,2,0,1,1,99380,85833,453568,1,1,0.863684846045482,0.05,0.29,0.2,0.45999999999999996
57,29073,2,2,4,1,3,1,2,19156,20593,132428,1,1,1.0750156608895385,0.05,0.33999999999999997,0.2,0.41000000000000003
64,193257,1,2,1,1,1,1,2,125958,68337,295375,1,1,0.5425379888534273,0.05,0.3,0.2,0.44999999999999996
27,95827,2,1,1,0,0,2,2,50704,27474,470404,1,3,0.5418507415588514,0.27499999999999997,0.24,0.13999999999999999,0.3450000000000001
46,103715,3,3,2,1,4,1,1,48287,34856,400735,1,1,0.7218506016111997,0.05,0.27,0.2,0.48
46,145942,2,3,2,1,3,1,2,99166,36955,435821,1,1,0.37265796744852064,0.05999999999999997,0.33999999999999997,0.2,0.40000000000000013
53,161531,1,1,1,1,3,1,2,120355,66029,294582,1,1,0.5486186697686012,0.07499999999999997,0.3,0.2,0.42500000000000004
40,121211,1,3,1,1,1,1,2,93432,42831,343906,1,2,0.45841895710249164,0.13999999999999996,0.3,0.2,0.3600000000000001
49,99353,3,2,1,1,2,1,1,49511,27444,594933,1,1,0.5543010644099291,0.05,0.27,0.2,0.48
52,156244,1,1,1,1,2,1,2,119253,51639,206961,1,1,0.4330205529420644,0.07999999999999997,0.3,0.2,0.42000000000000004
47,89123,3,2,1,1,3,1,1,39934,28234,308928,1,1,0.7070165773526318,0.05,0.27,0.2,0.48
52,143344,2,2,1,1,1,1,2,92316,58336,245911,1,1,0.6319164608518567,0.05,0.33999999999999997,0.2,0.41000000000000003
24,52822,3,1,1,0,0,2,2,16545,12095,482555,1,3,0.7310365669386522,0.29,0.21999999999999997,0.09999999999999998,0.39
38,144181,2,4,1,1,4,1,2,116401,39265,482006,1,2,0.3373252807106468,0.09999999999999998,0.33999999999999997,0.2,0.3600000000000001
23,59854,3,3,2,0,0,3,2,25078,12053,246222,1,3,0.4806204641518462,0.41500000000000004,0.12000000000000001,0.04666666666666666,0.41833333333333333
54,12598,1,3,4,1,3,1,2,11338,7548,70347,1,1,0.66572587757982,0.06999999999999997,0.3,0.2,0.43000000000000005
36,93968,2,2,2,1,1,2,2,47715,26138,105716,1,2,0.5477941946976842,0.22999999999999998,0.24,0.17,0.36
63,235587,1,2,1,1,3,1,2,198069,119514,156862,1,1,0.6033957863168896,0.05,0.3,0.2,0.44999999999999996
47,163917,1,3,1,1,2,1,2,147525,45775,305168,1,1,0.31028639213692594,0.105,0.3,0.2,0.395
49,19620,2,2,4,1,2,1,2,9959,18502,197677,1,1,1.857817049904609,0.05,0.33999999999999997,0.2,0.41000000000000003
48,89226,3,1,1,1,2,1,1,38456,39845,334901,1,1,1.0361192011649678,0.05,0.27,0.2,0.48
25,59686,3,2,1,0,0,1,1,25333,17511,228209,1,3,0.691232779378676,0.10499999999999998,0.27,0.15333333333333335,0.4716666666666667
54,122083,2,3,2,1,2,1,2,77467,71641,545614,1,1,0.9247937831592807,0.05,0.33999999999999997,0.2,0.41000000000000003
60,199988,1,2,2,1,3,1,2,169173,54246,345533,1,1,0.3206540050717313,0.05,0.3,0.2,0.44999999999999996
56,174531,1,1,2,2,0,1,2,103220,86845,399587,1,1,0.8413582639023445,0.059999999999999956,0.3,0.2,0.44000000000000006
43,113299,2,3,1,1,2,1,2,74551,31857,147834,1,2,0.42731821169400813,0.07499999999999998,0.33999999999999997,0.2,0.385
48,137166,1,1,1,1,2,1,2,99720,49697,291458,1,1,0.4983654231849178,0.09999999999999999,0.3,0.2,0.4
50,18962,1,2,4,2,1,1,2,14693,18536,188844,1,1,1.2615531205335875,0.08999999999999998,0.3,0.2,0.41000000000000003
54,156379,1,1,1,1,1,1,2,123242,86603,394752,1,1,0.7027068694114019,0.06999999999999997,0.3,0.2,0.43000000000000005
52,213072,1,2,2,2,1,1,2,122824,99751,272250,1,1,0.8121458346902886,0.07999999999999997,0.3,0.2,0.42000000000000004
40,152045,1,3,2,1,2,1,2,136840,50639,412833,1,2,0.37005992399883075,0.13999999999999996,0.3,0.2,0.3600000000000001
51,195409,1,2,2,1,1,1,2,165684,64790,555205,1,1,0.39104560488641027,0.08499999999999998,0.3,0.2,0.41500000000000004
42,126293,1,1,1,1,1,1,2,72477,59621,236995,1,2,0.8226195896629276,0.13,0.3,0.2,0.37
52,171477,1,3,1,1,2,2,2,152875,106539,101023,1,1,0.6969026982829108,0.19999999999999996,0.19999999999999998,0.2,0.40000000000000013
22,52021,3,3,2,0,0,2,2,20220,13226,579345,1,3,0.6541048466864491,0.3,0.21999999999999997,0.09333333333333332,0.3866666666666667
37,8000,1,3,3,1,3,1,1,7200,1505,93099,1,2,0.20902777777777778,0.09499999999999999,0.25,0.2,0.45500000000000007
44,13257,1,1,3,1,2,1,1,10551,2339,143932,1,2,0.2216851483271728,0.059999999999999984,0.25,0.2,0.49
61,157785,2,2,1,1,3,1,1,121144,54066,407240,1,1,0.4462953179686984,0.05,0.29,0.2,0.45999999999999996
50,226489,1,4,1,1,1,2,2,163086,91986,439837,1,1,0.5640337000110371,0.20999999999999996,0.19999999999999998,0.2,0.3900000000000001
22,8000,3,3,3,0,0,1,1,7200,1552,70243,1,3,0.21555555555555556,0.11999999999999998,0.27,0.14333333333333334,0.4666666666666667
59,167246,2,1,2,1,2,1,2,79385,110262,62775,1,1,1.3889525729042012,0.05,0.33999999999999997,0.2,0.41000000000000003
43,13684,1,1,3,1,4,1,2,12023,2086,221052,1,2,0.17350079015220826,0.12499999999999999,0.3,0.2,0.375
51,203459,1,2,1,1,3,1,2,142909,36489,207771,1,1,0.25533031509562026,0.08499999999999998,0.3,0.2,0.41500000000000004
41,98705,3,4,2,1,1,1,2,38128,40194,309827,1,2,1.0541859001258918,0.08499999999999999,0.32,0.2,0.395
42,92283,3,2,2,1,2,1,1,36041,44038,194087,1,2,1.2218861851779916,0.05,0.27,0.2,0.48
21,85829,1,2,2,0,0,3,3,43850,11593,104152,1,3,0.26437856328392245,0.535,0.15,0.07,0.24499999999999988
46,131182,2,1,1,1,1,1,2,61317,30762,585028,1,1,0.501687949508293,0.05999999999999997,0.33999999999999997,0.2,0.40000000000000013
61,243511,1,3,1,1,2,1,2,210754,165256,86340,1,1,0.7841179764085142,0.05,0.3,0.2,0.44999999999999996
21,52991,3,3,2,0,0,1,2,20044,7030,584674,1,3,0.35072839752544405,0.185,0.32,0.13999999999999999,0.355
45,144868,1,2,1,1,3,1,2,109623,38019,170161,1,1,0.3468159054213076,0.11499999999999998,0.3,0.2,0.385
36,76741,3,3,1,1,3,1,1,47483,13017,393683,1,2,0.27414021860455323,0.05,0.27,0.19000000000000003,0.49
59,22799,2,4,4,1,1,1,1,13692,22246,40194,1,1,1.6247443762781186,0.05,0.29,0.2,0.45999999999999996
52,119390,2,1,1,1,4,1,2,75303,35598,495037,1,1,0.4727301701127445,0.05,0.33999999999999997,0.2,0.41000000000000003
28,13060,2,2,3,1,2,1,1,8000,3392,156740,1,3,0.424,0.08999999999999997,0.29,0.19333333333333336,0.42666666666666675
62,201581,1,2,1,1,2,1,2,137901,125953,22521,1,1,0.9133581337336205,0.05,0.3,0.2,0.44999999999999996
58,214382,1,3,2,1,2,1,2,133786,145301,182412,1,1,1.08607029136083,0.05,0.3,0.2,0.44999999999999996
48,28316,1,2,4,1,2,1,2,18882,32651,38925,1,1,1.7292130070967058,0.09999999999999999,0.3,0.2,0.4
61,240912,1,3,1,1,2,1,2,211619,173041,122595,1,1,0.8177006790505579,0.05,0.3,0.2,0.44999999999999996
45,130318,2,3,1,1,2,2,2,76648,59181,592816,1,1,0.7721140799499009,0.18499999999999997,0.24,0.19999999999999998,0.3750000000000001
54,179487,1,2,1,1,2,1,2,130635,60970,541198,1,1,0.4667202510812569,0.06999999999999997,0.3,0.2,0.43000000000000005
44,162938,1,4,1,1,1,1,2,112417,44164,578281,1,2,0.3928587313306706,0.11999999999999998,0.3,0.2,0.38
43,91996,3,2,2,1,3,1,1,57505,15710,271299,1,2,0.2731936353360577,0.05,0.27,0.2,0.48
32,13273,3,1,3,1,2,1,1,8000,2990,21115,1,2,0.37375,0.06999999999999998,0.27,0.17666666666666667,0.4833333333333334
26,55955,3,3,1,0,0,2,2,20484,14017,194173,1,3,0.684290177699668,0.27999999999999997,0.21999999999999997,0.10666666666666666,0.3933333333333334
55,134477,3,3,1,1,1,1,1,48585,65716,350247,1,1,1.3525985386436143,0.05,0.27,0.2,0.48
64,231287,1,2,1,1,3,1,2,175185,120000,248307,1,1,0.6849901532665468,0.05,0.3,0.2,0.44999999999999996
39,150782,1,3,2,1,4,1,2,135703,48604,175076,1,2,0.3581645210496452,0.14499999999999996,0.3,0.2,0.355
20,69620,2,4,1,0,0,3,2,24889,9741,429865,1,3,0.3913777170637631,0.43000000000000005,0.14,0.06666666666666668,0.3633333333333333
27,93244,2,2,2,0,0,3,2,36279,12784,261788,1,3,0.3523801648336503,0.395,0.14,0.09,0.375
35,145635,1,4,2,1,4,1,2,116177,34793,270601,1,2,0.2994826859016845,0.16499999999999998,0.3,0.2,0.33499999999999996
33,62274,3,1,2,1,2,1,2,26055,17597,430958,1,2,0.6753790059489542,0.12499999999999997,0.32,0.18000000000000002,0.375
31,120609,1,1,1,1,1,1,2,100088,36851,333499,1,2,0.36818599632323556,0.185,0.3,0.2,0.31499999999999995
42,141423,1,1,2,1,2,2,3,104092,45185,506016,1,2,0.43408715367175194,0.31,0.24999999999999997,0.19000000000000003,0.25
34,127466,2,3,1,1,1,2,2,68039,27040,177959,1,2,0.3974191272652449,0.23999999999999996,0.24,0.1633333333333333,0.3566666666666667
47,144179,2,3,1,1,4,1,2,105866,35808,494974,1,1,0.33823890578656035,0.05499999999999999,0.33999999999999997,0.2,0.405
53,8000,2,1,3,1,1,1,1,7200,2010,12847,1,1,0.2791666666666667,0.05,0.29,0.2,0.45999999999999996
21,90119,1,2,2,0,0,1,2,55309,14287,197026,1,3,0.25831239038854437,0.235,0.3,0.16999999999999998,0.29500000000000015
51,103112,3,3,1,1,1,1,1,39125,54864,428074,1,1,1.4022747603833865,0.05,0.27,0.2,0.48
42,155191,1,1,1,1,2,2,2,119114,42844,527462,1,2,0.3596890373927498,0.25,0.19999999999999998,0.19000000000000003,0.36
41,183713,1,3,1,1,2,1,2,122643,46382,226339,1,2,0.3781870958799116,0.135,0.3,0.2,0.365
44,137043,3,3,1,1,3,1,1,79240,27870,263595,1,2,0.3517163048965169,0.05,0.27,0.2,0.48
41,99684,3,2,1,1,2,1,1,47930,33353,368560,1,2,0.6958689755894012,0.05,0.27,0.2,0.48
41,127933,3,4,1,1,1,2,2,57699,58432,205786,1,2,1.0127038596856097,0.205,0.21999999999999997,0.15666666666666662,0.41833333333333345
61,127126,3,2,1,2,0,1,1,53245,63259,505578,1,1,1.1880739975584562,0.05,0.27,0.2,0.48
25,105544,2,4,2,0,0,2,2,37264,21069,486818,1,3,0.5653982395878059,0.285,0.24,0.13333333333333333,0.3416666666666668
34,124567,2,3,2,1,2,2,2,77485,37712,172645,1,2,0.48670065173904625,0.23999999999999996,0.24,0.1633333333333333,0.3566666666666667
62,182750,1,3,2,1,1,2,3,138060,68872,331914,1,1,0.4988555700420107,0.20999999999999996,0.24999999999999997,0.2,0.3400000000000001
56,214187,1,1,1,2,1,1,2,146805,75308,487413,1,1,0.5129798031402201,0.059999999999999956,0.3,0.2,0.44000000000000006
52,9211,1,3,4,1,2,1,2,8000,8618,67465,1,1,1.07725,0.07999999999999997,0.3,0.2,0.42000000000000004
27,8185,1,2,3,0,0,2,2,7366,1000,126621,1,3,0.13575889220743959,0.32499999999999996,0.19999999999999998,0.13999999999999999,0.3350000000000001
63,8000,2,1,3,1,3,1,1,7200,1349,62553,1,1,0.18736111111111112,0.05,0.29,0.2,0.45999999999999996
63,8000,1,1,3,1,4,1,1,7200,1450,202172,1,1,0.2013888888888889,0.05,0.25,0.2,0.5
24,10820,1,2,3,0,0,1,2,8000,2353,30530,1,3,0.294125,0.21999999999999997,0.3,0.18,0.30000000000000004
58,233905,1,2,1,1,4,1,2,197009,79554,515291,1,1,0.4038089630422976,0.05,0.3,0.2,0.44999999999999996
23,67014,2,3,1,0,0,2,2,31461,12804,277724,1,3,0.4069800705635549,0.295,0.24,0.12666666666666665,0.3383333333333334
25,105869,1,3,2,0,0,3,3,67392,21268,240776,1,3,0.31558641975308643,0.515,0.15,0.08333333333333334,0.2516666666666666
64,90830,3,1,2,1,4,1,1,43692,26439,520444,1,1,0.6051222191705575,0.05,0.27,0.2,0.48
51,172207,1,3,2,1,1,1,2,95122,62415,125072,1,1,0.6561573558167406,0.08499999999999998,0.3,0.2,0.41500000000000004
49,209189,1,1,1,1,1,1,2,164455,108233,79321,1,1,0.6581314037274635,0.09499999999999999,0.3,0.2,0.405
54,171258,2,3,1,1,2,2,2,88275,108323,74000,1,1,1.2271084678561315,0.13999999999999996,0.24,0.2,0.42000000000000004
59,152891,3,3,1,1,3,1,1,78792,72103,242400,1,1,0.9151055944765966,0.05,0.27,0.2,0.48
35,10336,1,2,3,1,4,1,1,9302,1768,277938,1,2,0.19006665233283165,0.105,0.25,0.2,0.44500000000000006
32,112307,2,3,2,1,3,1,2,58941,16452,475464,1,2,0.27912658421132996,0.12999999999999998,0.33999999999999997,0.2,0.33000000000000007
61,157763,2,2,1,2,0,1,2,55495,96359,131961,1,1,1.7363546265429317,0.05,0.33999999999999997,0.2,0.41000000000000003
49,155072,1,2,1,1,4,1,2,130045,55884,457343,1,1,0.42972817101772465,0.09499999999999999,0.3,0.2,0.405
38,114282,3,3,1,1,2,1,1,50419,46620,363649,1,2,0.9246514210912553,0.05,0.27,0.19666666666666668,0.4833333333333333
36,14713,2,2,3,1,1,2,1,8000,1981,180173,1,2,0.247625,0.16999999999999998,0.18999999999999997,0.17,0.47
38,102961,2,2,2,1,2,1,2,56833,30750,256472,1,2,0.5410588918410079,0.09999999999999998,0.33999999999999997,0.2,0.3600000000000001
47,91732,3,2,2,1,1,1,1,37271,44603,387080,1,1,1.1967213114754098,0.05,0.27,0.2,0.48
45,104199,3,3,1,1,2,2,2,40645,34972,350377,1,1,0.8604256366096691,0.18499999999999997,0.21999999999999997,0.16999999999999998,0.42500000000000004
56,123148,2,2,2,1,2,1,2,84113,37706,344780,1,1,0.448277911856669,0.05,0.33999999999999997,0.2,0.41000000000000003
45,76500,3,1,1,1,2,2,2,43499,40980,328052,1,1,0.9420906227729373,0.18499999999999997,0.21999999999999997,0.16999999999999998,0.42500000000000004
42,133070,2,3,2,1,2,1,2,64589,39340,202814,1,2,0.6090820418337488,0.07999999999999999,0.33999999999999997,0.2,0.3800000000000001
28,76988,2,3,1,1,3,2,2,46732,15745,477854,1,3,0.33692116750834544,0.26999999999999996,0.24,0.14333333333333334,0.3466666666666667
31,92282,2,1,1,1,2,1,1,57152,27207,325668,1,2,0.47604633258678614,0.07499999999999998,0.29,0.2,0.43500000000000005
20,58293,2,1,2,0,0,1,2,29234,6792,579258,1,3,0.23233221591297804,0.18999999999999997,0.33999999999999997,0.16666666666666669,0.30333333333333345
20,8000,1,1,3,0,0,2,2,7200,1928,52161,1,3,0.2677777777777778,0.35999999999999993,0.19999999999999998,0.11666666666666667,0.32333333333333336
53,125027,3,2,1,2,0,1,1,46556,74402,441371,1,1,1.5981183950511213,0.05,0.27,0.2,0.48
51,14257,3,2,3,2,1,1,1,8000,2000,188143,1,1,0.25,0.05,0.27,0.2,0.48
44,153718,1,3,1,1,4,1,2,134160,40045,431729,1,2,0.29848688133571855,0.11999999999999998,0.3,0.2,0.38
59,120700,3,3,1,1,1,1,1,42183,83194,535636,1,1,1.97221629566413,0.05,0.27,0.2,0.48
64,300000,1,3,1,1,2,1,2,193418,189738,165496,1,1,0.9809738493832012,0.05,0.3,0.2,0.44999999999999996
20,85439,1,2,1,0,0,2,2,50120,8850,280058,1,3,0.17657621707901036,0.35999999999999993,0.19999999999999998,0.11666666666666667,0.32333333333333336
35,98348,2,3,1,1,1,2,2,63659,37736,400061,1,2,0.5927834241819696,0.235,0.24,0.16666666666666666,0.3583333333333334
58,215334,1,2,1,1,1,1,2,154067,82462,178130,1,1,0.5352346706303102,0.05,0.3,0.2,0.44999999999999996
24,82095,3,4,1,0,0,2,2,24584,14863,367762,1,3,0.6045802147738366,0.29,0.21999999999999997,0.09999999999999998,0.39
41,8000,3,3,3,1,2,1,1,7200,1610,46084,1,2,0.22361111111111112,0.05,0.27,0.2,0.48
48,132937,2,1,1,1,3,1,2,103277,40310,471868,1,1,0.39030955585464333,0.05,0.33999999999999997,0.2,0.41000000000000003
22,85445,1,3,2,0,0,2,2,58647,17963,364029,1,3,0.30629017682063875,0.35,0.19999999999999998,0.12333333333333332,0.32666666666666677
31,108437,1,2,1,1,1,2,2,75912,36917,305613,1,2,0.4863130993782274,0.305,0.19999999999999998,0.1533333333333333,0.3416666666666667
45,153595,2,3,2,1,3,1,2,97580,53609,234398,1,1,0.5493851199016192,0.06499999999999997,0.33999999999999997,0.2,0.395
35,89444,3,1,1,1,3,1,1,41780,12932,599349,1,2,0.30952608903781714,0.05499999999999999,0.27,0.18666666666666668,0.4883333333333333
56,125277,2,1,1,1,4,1,2,100526,44747,135855,1,1,0.4451286234407019,0.05,0.33999999999999997,0.2,0.41000000000000003
41,132281,1,3,1,1,1,1,2,109827,62721,121780,1,2,0.571089076456609,0.135,0.3,0.2,0.365
48,104599,2,1,1,1,4,1,2,58106,29897,208628,1,1,0.5145251781227412,0.05,0.33999999999999997,0.2,0.41000000000000003
33,118740,2,3,1,1,2,1,1,66612,36758,585536,1,2,0.5518224944454453,0.06499999999999997,0.29,0.2,0.44500000000000006
47,120139,2,2,2,1,2,1,2,80674,39323,589619,1,1,0.487430894712051,0.05499999999999999,0.33999999999999997,0.2,0.405
24,8000,1,3,3,0,0,1,1,7200,1933,130985,1,3,0.2684722222222222,0.15999999999999998,0.25,0.18,0.41000000000000003
49,13014,2,3,3,1,1,1,1,8000,3420,176021,1,1,0.4275,0.05,0.29,0.2,0.45999999999999996
24,81618,2,2,2,0,0,3,2,38460,22814,206980,1,3,0.5931877275091003,0.41000000000000003,0.14,0.07999999999999999,0.37
31,79409,3,2,1,1,1,1,1,32123,14171,586021,1,2,0.44114808704043834,0.07499999999999998,0.27,0.1733333333333333,0.4816666666666667
35,103836,1,1,1,1,3,2,2,87114,14248,171392,1,2,0.1635558004453934,0.285,0.19999999999999998,0.16666666666666666,0.3483333333333334
45,123547,2,1,1,1,2,1,1,88701,29303,150562,1,1,0.3303570421979459,0.05,0.29,0.2,0.45999999999999996
45,113971,3,2,1,1,1,1,1,55239,44495,156105,1,1,0.8054997375042995,0.05,0.27,0.2,0.48
40,152661,1,3,1,1,1,2,2,101751,33346,386563,1,2,0.32772159487376046,0.25999999999999995,0.19999999999999998,0.18333333333333332,0.3566666666666667
58,141219,3,4,1,1,2,1,1,70750,74507,490487,1,1,1.0531024734982333,0.05,0.27,0.2,0.48
55,144668,2,3,1,1,1,1,2,71100,90480,283333,1,1,1.2725738396624473,0.05,0.33999999999999997,0.2,0.41000000000000003
52,178016,1,3,1,1,3,1,2,135954,52797,588947,1,1,0.3883445871397679,0.07999999999999997,0.3,0.2,0.42000000000000004
49,8000,1,3,3,1,1,1,2,7200,1000,86884,1,1,0.1388888888888889,0.09499999999999999,0.3,0.2,0.405
56,141263,2,3,2,1,1,1,2,91691,60293,175224,1,1,0.6575672639626572,0.05,0.33999999999999997,0.2,0.41000000000000003
42,132715,1,2,1,1,2,1,2,83387,42981,332983,1,2,0.5154400566035473,0.13,0.3,0.2,0.37
29,8000,2,4,3,1,2,1,1,7200,1621,135807,1,3,0.2251388888888889,0.08499999999999999,0.29,0.19666666666666666,0.42833333333333334
24,28786,1,3,4,0,0,2,2,18295,23667,166445,1,3,1.2936321399289423,0.33999999999999997,0.19999999999999998,0.12999999999999998,0.33000000000000007
55,129204,2,2,1,1,2,1,1,69397,76282,329384,1,1,1.0992117814891134,0.05,0.29,0.2,0.45999999999999996
53,140788,1,1,1,1,2,2,2,88417,81992,396803,1,1,0.9273329789520115,0.19499999999999995,0.19999999999999998,0.2,0.405
50,104409,3,2,1,1,4,1,1,47385,39617,233672,1,1,0.8360662656958954,0.05,0.27,0.2,0.48
29,12848,3,2,3,1,2,2,1,8000,2857,129183,1,3,0.357125,0.205,0.16999999999999996,0.11666666666666664,0.5083333333333334
38,8000,3,3,3,1,1,1,1,7200,1000,197194,1,2,0.1388888888888889,0.05,0.27,0.19666666666666668,0.4833333333333333
51,102232,2,2,1,1,2,1,1,53059,30735,124526,1,1,0.5792608228575736,0.05,0.29,0.2,0.45999999999999996
20,69704,1,2,1,0,0,2,2,37377,11990,543265,1,3,0.32078550980549536,0.35999999999999993,0.19999999999999998,0.11666666666666667,0.32333333333333336
24,86061,2,4,2,0,0,2,2,40255,21747,381141,1,3,0.5402310272015899,0.29,0.24,0.12999999999999998,0.33999999999999997
64,169611,1,1,1,1,3,1,2,151740,70372,226049,1,1,0.4637669698167919,0.05,0.3,0.2,0.44999999999999996
23,85123,1,2,1,0,0,1,2,47844,16282,577444,1,3,0.3403143549870412,0.22499999999999998,0.3,0.17666666666666664,0.29833333333333345
35,13032,1,1,3,1,2,1,2,9680,3498,96670,1,2,0.3613636363636364,0.16499999999999998,0.3,0.2,0.33499999999999996
43,211894,1,3,2,1,1,2,2,131990,45922,265845,1,2,0.3479202969921964,0.245,0.19999999999999998,0.19333333333333333,0.3616666666666667
35,8000,2,4,3,1,3,1,1,7200,1000,95374,1,2,0.1388888888888889,0.05499999999999999,0.29,0.2,0.45500000000000007
21,12823,2,2,3,0,0,1,1,8000,3485,48890,1,3,0.435625,0.12499999999999999,0.29,0.16999999999999998,0.41500000000000004
47,179808,1,3,2,1,2,1,2,112727,48548,516424,1,1,0.43066878387609003,0.105,0.3,0.2,0.395
51,149679,1,2,1,1,2,1,2,115334,70722,407205,1,1,0.6131929873237727,0.08499999999999998,0.3,0.2,0.41500000000000004
46,111209,3,4,2,1,1,1,1,43596,51246,556622,1,1,1.175474814203138,0.05,0.27,0.2,0.48
39,164251,1,3,1,1,1,2,2,121169,46594,215984,1,2,0.38453729914417056,0.26499999999999996,0.19999999999999998,0.18000000000000002,0.355
43,195432,1,3,2,1,2,2,2,119078,86145,160569,1,2,0.7234333798014747,0.245,0.19999999999999998,0.19333333333333333,0.3616666666666667
31,115150,1,1,1,1,1,2,2,71175,38699,103043,1,2,0.5437161924833158,0.305,0.19999999999999998,0.1533333333333333,0.3416666666666667
54,191431,2,4,2,1,2,1,2,109681,93444,353931,1,1,0.8519615977243096,0.05,0.33999999999999997,0.2,0.41000000000000003
52,112974,2,3,1,1,2,1,2,78229,64887,599153,1,1,0.829449436909586,0.05,0.33999999999999997,0.2,0.41000000000000003
52,168516,1,2,1,2,0,1,2,92952,56627,447482,1,1,0.6092069024873052,0.07999999999999997,0.3,0.2,0.42000000000000004
62,272812,1,3,1,1,4,1,2,245530,95094,254197,1,1,0.3873009408218955,0.05,0.3,0.2,0.44999999999999996
56,137756,2,2,1,1,3,1,2,76512,61187,538429,1,1,0.7997046214972815,0.05,0.33999999999999997,0.2,0.41000000000000003
31,90474,2,3,2,1,3,1,2,50408,10171,490861,1,2,0.20177352801142676,0.13499999999999998,0.33999999999999997,0.2,0.32499999999999996
22,105307,1,1,2,0,0,2,2,48469,21676,107707,1,3,0.44721368297262165,0.35,0.19999999999999998,0.12333333333333332,0.32666666666666677
20,59578,3,3,1,0,0,2,1,22989,8552,508430,1,3,0.3720040019139588,0.24999999999999997,0.16999999999999996,0.08666666666666667,0.4933333333333334
52,150649,1,2,1,1,1,1,2,98106,57785,250263,1,1,0.5890057692699733,0.07999999999999997,0.3,0.2,0.42000000000000004
59,213832,1,1,1,2,0,1,2,135107,68214,174836,1,1,0.5048887178310524,0.05,0.3,0.2,0.44999999999999996
29,55605,3,1,1,1,2,1,1,31462,10574,213165,1,3,0.33608797914945016,0.08499999999999999,0.27,0.16666666666666666,0.4783333333333334
62,159107,1,1,1,1,1,1,2,137635,61167,334289,1,1,0.444414574781124,0.05,0.3,0.2,0.44999999999999996
63,9615,2,2,3,1,4,1,1,8000,1000,156216,1,1,0.125,0.05,0.29,0.2,0.45999999999999996
48,181246,1,2,1,1,1,2,2,104394,96781,244443,1,1,0.9270743529321609,0.21999999999999997,0.19999999999999998,0.2,0.3800000000000001
32,112773,1,2,1,1,2,1,2,100968,28238,186109,1,2,0.27967276760953963,0.18,0.3,0.2,0.32000000000000006
31,80363,3,2,1,1,2,1,1,41623,22170,481115,1,2,0.532638204838671,0.07499999999999998,0.27,0.1733333333333333,0.4816666666666667
50,153681,1,2,1,1,2,2,2,137288,55366,595054,1,1,0.4032836081813414,0.20999999999999996,0.19999999999999998,0.2,0.3900000000000001
21,58582,3,3,1,0,0,2,2,21311,10330,488895,1,3,0.48472619773825726,0.305,0.21999999999999997,0.09,0.3850000000000001
54,155950,1,1,2,1,1,2,3,103221,94656,247968,1,1,0.9170226988694161,0.24999999999999994,0.24999999999999997,0.2,0.30000000000000004
42,180570,1,4,1,1,2,1,2,118730,45856,222404,1,2,0.3862208371936326,0.13,0.3,0.2,0.37
36,152921,1,3,1,1,1,1,2,111945,52863,208832,1,2,0.4722229666354013,0.15999999999999998,0.3,0.2,0.3400000000000001
45,128368,2,3,1,1,3,1,2,71393,31277,168347,1,1,0.438096171893603,0.06499999999999997,0.33999999999999997,0.2,0.395
27,117081,1,2,1,0,0,3,3,82086,21263,375665,1,3,0.2590332090734108,0.505,0.15,0.09,0.255
48,83560,3,3,1,1,1,1,1,39122,40834,402700,1,1,1.0437605439394715,0.05,0.27,0.2,0.48
45,18591,1,1,4,1,4,1,2,16362,15291,226375,1,1,0.9345434543454345,0.11499999999999998,0.3,0.2,0.385
29,69657,3,1,2,1,3,1,2,39631,11602,440106,1,3,0.29275062451111505,0.145,0.32,0.16666666666666666,0.3683333333333334
45,151374,1,1,2,1,1,1,2,110451,67084,246166,1,1,0.6073643516129325,0.11499999999999998,0.3,0.2,0.385
53,127321,3,3,1,1,3,1,1,68230,52672,265155,1,1,0.7719771361571156,0.05,0.27,0.2,0.48
60,143166,2,1,1,1,1,1,2,72995,60981,440757,1,1,0.835413384478389,0.05,0.33999999999999997,0.2,0.41000000000000003
26,65150,2,2,1,0,0,2,2,25588,8917,274723,1,3,0.348483664217602,0.27999999999999997,0.24,0.13666666666666666,0.34333333333333327
23,77803,3,4,2,0,0,2,2,22320,19845,206311,1,3,0.8891129032258065,0.295,0.21999999999999997,0.09666666666666665,0.3883333333333334
64,195398,2,3,2,1,4,1,2,146146,84244,287168,1,1,0.5764372613687683,0.05,0.33999999999999997,0.2,0.41000000000000003
30,92744,2,2,1,1,2,2,2,57896,30451,236042,1,2,0.5259603426834324,0.26,0.24,0.15,0.35
48,175109,1,1,1,1,2,1,2,134033,93238,144156,1,1,0.6956346571366753,0.09999999999999999,0.3,0.2,0.4
55,206229,1,3,1,1,2,1,2,149301,130291,166027,1,1,0.8726733243581758,0.06499999999999996,0.3,0.2,0.43500000000000005
44,13788,3,2,3,1,1,1,1,8000,2087,170622,1,2,0.260875,0.05,0.27,0.2,0.48
40,99704,2,1,2,1,4,1,2,71062,24375,209875,1,2,0.34301032900847145,0.08999999999999997,0.33999999999999997,0.2,0.3700000000000001
55,139678,2,1,1,1,1,1,2,63814,70206,132386,1,1,1.1001661077506504,0.05,0.33999999999999997,0.2,0.41000000000000003
29,127104,1,4,1,1,2,2,2,90070,19780,469413,1,3,0.21960697235483512,0.315,0.19999999999999998,0.14666666666666664,0.3383333333333334
56,187106,1,3,2,1,2,1,2,168395,99440,205764,1,1,0.5905163454971941,0.059999999999999956,0.3,0.2,0.44000000000000006
28,147816,1,3,1,1,4,2,2,133034,28196,296717,1,3,0.2119458183622232,0.31999999999999995,0.19999999999999998,0.14333333333333334,0.3366666666666668
43,119062,2,3,1,1,1,1,1,60708,43971,132067,1,2,0.7243032219806286,0.05,0.29,0.2,0.45999999999999996
54,200766,1,2,1,1,2,2,2,167140,127079,45253,1,1,0.7603147062342946,0.18999999999999995,0.19999999999999998,0.2,0.41000000000000014
54,155788,1,2,2,2,0,2,2,81158,93588,496451,1,1,1.1531580374085117,0.18999999999999995,0.19999999999999998,0.2,0.41000000000000014
55,237963,1,2,1,1,3,1,2,214166,88802,502198,1,1,0.4146409794271733,0.06499999999999996,0.3,0.2,0.43500000000000005
37,135627,1,2,1,1,1,2,2,114404,39067,203542,1,2,0.3414828152861788,0.27499999999999997,0.19999999999999998,0.1733333333333333,0.3516666666666667
58,12867,2,2,3,1,1,1,1,8416,3095,67182,1,1,0.3677519011406844,0.05,0.29,0.2,0.45999999999999996
51,214616,1,3,1,1,1,1,2,120992,124209,26847,1,1,1.026588534779159,0.08499999999999998,0.3,0.2,0.41500000000000004
43,136576,2,3,1,1,3,1,2,87280,33801,137086,1,2,0.38727085242896425,0.07499999999999998,0.33999999999999997,0.2,0.385
42,192115,1,3,1,1,1,1,2,140005,48781,596085,1,2,0.3484232705974787,0.13,0.3,0.2,0.37
51,153047,1,2,1,1,2,2,2,116563,84437,427796,1,1,0.7243893859972719,0.20499999999999996,0.19999999999999998,0.2,0.395
56,238256,1,3,2,1,1,1,2,132332,92201,371048,1,1,0.6967400175316628,0.059999999999999956,0.3,0.2,0.44000000000000006
31,121035,1,3,1,1,3,1,2,78861,20775,482749,1,2,0.2634382013923232,0.185,0.3,0.2,0.31499999999999995
32,145247,1,2,1,1,4,1,2,130722,34459,520038,1,2,0.2636052079986536,0.18,0.3,0.2,0.32000000000000006
42,163320,1,3,2,1,2,1,2,146988,63515,503357,1,2,0.43211010422619534,0.13,0.3,0.2,0.37
44,101496,2,1,2,1,2,1,2,53713,51218,108269,1,2,0.9535494200659058,0.06999999999999998,0.33999999999999997,0.2,0.3900000000000001
54,193704,1,2,2,2,0,1,2,127182,94359,193403,1,1,0.7419210265603623,0.06999999999999997,0.3,0.2,0.43000000000000005
60,146776,2,1,1,1,1,1,2,86868,101013,130981,1,1,1.1628332642630197,0.05,0.33999999999999997,0.2,0.41000000000000003
49,123202,3,2,1,1,1,1,1,58732,45751,287879,1,1,0.7789790914663216,0.05,0.27,0.2,0.48
36,116247,2,2,2,1,2,1,2,75588,22104,591241,1,2,0.29242736942371805,0.10999999999999999,0.33999999999999997,0.2,0.3500000000000001
39,173860,1,3,1,1,2,1,2,127477,53188,432702,1,2,0.4172360504247825,0.14499999999999996,0.3,0.2,0.355
44,8000,1,4,3,1,4,1,2,7200,1000,289137,1,2,0.1388888888888889,0.11999999999999998,0.3,0.2,0.38
41,9869,1,3,3,1,2,1,1,8000,2278,40289,1,2,0.28475,0.075,0.25,0.2,0.475
32,8981,1,3,3,1,2,1,1,8000,2673,172791,1,2,0.334125,0.11999999999999998,0.25,0.2,0.42999999999999994
38,80686,3,2,1,1,2,1,1,35723,28194,260676,1,2,0.7892394255801585,0.05,0.27,0.19666666666666668,0.4833333333333333
55,187391,1,3,1,1,2,1,2,168651,63583,594782,1,1,0.3770093269532941,0.06499999999999996,0.3,0.2,0.43500000000000005
31,114616,1,1,2,1,1,2,2,88978,36543,178844,1,2,0.41069702623120324,0.305,0.19999999999999998,0.1533333333333333,0.3416666666666667
60,171839,2,2,1,1,2,1,2,83426,113710,103267,1,1,1.3630043391748377,0.05,0.33999999999999997,0.2,0.41000000000000003
38,92145,2,2,1,1,2,1,2,62350,18326,496422,1,2,0.2939214113873296,0.09999999999999998,0.33999999999999997,0.2,0.3600000000000001
31,10153,2,2,3,1,3,1,1,8000,1000,158160,1,2,0.125,0.07499999999999998,0.29,0.2,0.43500000000000005
28,12610,1,1,3,1,4,1,1,10525,1781,167021,1,3,0.16921615201900236,0.13999999999999996,0.25,0.19333333333333336,0.41666666666666674
26,98629,1,1,1,0,0,2,2,58527,17626,593177,1,3,0.3011601483076187,0.32999999999999996,0.19999999999999998,0.13666666666666666,0.3333333333333335
47,125045,2,2,1,1,2,1,2,87864,44535,312654,1,1,0.5068628789948102,0.05499999999999999,0.33999999999999997,0.2,0.405
33,166622,1,4,1,1,1,1,2,94121,39048,402036,1,2,0.41487022024840364,0.175,0.3,0.2,0.32499999999999996
50,11749,1,2,3,1,2,1,1,9198,2134,10907,1,1,0.23200695803435528,0.05,0.25,0.2,0.5
38,8675,1,2,3,1,2,1,2,7807,1095,168442,1,2,0.14025874215447676,0.14999999999999997,0.3,0.2,0.3500000000000001
35,134965,1,1,1,1,1,1,2,109086,56557,424084,1,2,0.5184624974790533,0.16499999999999998,0.3,0.2,0.33499999999999996
24,87054,1,3,1,0,0,2,2,47068,16027,302010,1,3,0.340507351066542,0.33999999999999997,0.19999999999999998,0.12999999999999998,0.33000000000000007
54,8170,1,2,3,1,3,1,1,7353,1393,54042,1,1,0.18944648442812456,0.05,0.25,0.2,0.5
31,94350,2,1,1,1,4,1,2,62246,23206,395834,1,2,0.372811104327989,0.13499999999999998,0.33999999999999997,0.2,0.32499999999999996
44,149109,2,2,1,1,4,1,2,106088,37441,106328,1,2,0.35292398763290855,0.06999999999999998,0.33999999999999997,0.2,0.3900000000000001
40,20638,3,1,4,1,1,1,1,9575,24375,240,1,2,2.545691906005222,0.05,0.27,0.2,0.48
55,146189,1,1,1,1,3,1,2,131570,29717,408049,1,1,0.22586455878999773,0.06499999999999996,0.3,0.2,0.43500000000000005
42,176129,1,1,2,1,3,1,2,136359,42946,194508,1,2,0.3149480415667466,0.13,0.3,0.2,0.37
35,110797,1,1,1,1,2,1,2,78504,38396,195943,1,2,0.4890960970141649,0.16499999999999998,0.3,0.2,0.33499999999999996
58,116713,2,1,1,1,2,1,2,79380,68501,426635,1,1,0.8629503653313177,0.05,0.33999999999999997,0.2,0.41000000000000003
64,14410,2,2,3,1,3,1,1,11289,1558,63424,1,1,0.13801045265302506,0.05,0.29,0.2,0.45999999999999996
61,256202,1,3,1,1,2,1,2,230581,162008,62681,1,1,0.7026077603965635,0.05,0.3,0.2,0.44999999999999996
58,23193,3,2,4,2,0,1,1,8000,25365,29886,1,1,3.170625,0.05,0.27,0.2,0.48
33,149698,1,2,2,1,2,2,2,95255,51995,390088,1,2,0.5458506115164559,0.295,0.19999999999999998,0.16,0.345
50,107123,2,2,1,1,2,1,2,64545,37739,430882,1,1,0.5846928499496475,0.05,0.33999999999999997,0.2,0.41000000000000003
24,92567,2,4,1,0,0,2,2,44539,21086,460567,1,3,0.47342778239295896,0.29,0.24,0.12999999999999998,0.33999999999999997
54,105343,3,2,1,1,1,1,1,39962,29653,227615,1,1,0.7420299284320104,0.05,0.27,0.2,0.48
42,92612,2,1,1,1,4,1,2,62286,24468,144624,1,2,0.3928330603988055,0.07999999999999999,0.33999999999999997,0.2,0.3800000000000001
48,119934,3,3,1,1,2,1,1,66532,66189,139341,1,1,0.994844586063849,0.05,0.27,0.2,0.48
62,181932,1,1,1,2,1,1,2,118572,115918,85230,1,1,0.9776169753398779,0.05,0.3,0.2,0.44999999999999996
30,64523,3,2,1,1,1,1,1,27348,19787,572922,1,2,0.7235264004680415,0.07999999999999999,0.27,0.17,0.48
37,156879,1,2,2,1,2,1,2,105248,44099,208864,1,2,0.41900083612040134,0.15499999999999997,0.3,0.2,0.345
31,86818,3,3,2,1,1,2,2,40074,13798,228370,1,2,0.34431302091131405,0.255,0.21999999999999997,0.1233333333333333,0.4016666666666667
28,85314,2,2,2,1,1,1,2,51046,25915,150444,1,3,0.5076793480390236,0.14999999999999997,0.33999999999999997,0.19333333333333336,0.31666666666666665
29,84850,3,3,1,1,2,1,1,38513,20018,402785,1,3,0.5197725443356789,0.08499999999999999,0.27,0.16666666666666666,0.4783333333333334
63,263323,1,4,1,2,0,1,2,178094,173019,135974,1,1,0.9715038125933496,0.05,0.3,0.2,0.44999999999999996
36,97195,2,1,2,1,2,1,2,52297,25430,421465,1,2,0.48626116220815724,0.10999999999999999,0.33999999999999997,0.2,0.3500000000000001
57,143799,2,2,1,1,1,1,2,84523,73296,530565,1,1,0.8671722489736522,0.05,0.33999999999999997,0.2,0.41000000000000003
26,59369,2,2,1,0,0,2,2,22705,11066,343212,1,3,0.4873816340013213,0.27999999999999997,0.24,0.13666666666666666,0.34333333333333327
32,8000,1,2,3,1,2,2,2,7200,1901,26891,1,2,0.26402777777777775,0.3,0.19999999999999998,0.15666666666666665,0.3433333333333334
59,210032,1,2,2,1,1,1,2,180782,128492,57881,1,1,0.7107566018740804,0.05,0.3,0.2,0.44999999999999996
61,232823,1,4,1,1,4,1,2,209540,64752,431214,1,1,0.3090197575641882,0.05,0.3,0.2,0.44999999999999996
28,128781,1,3,1,1,2,2,2,111443,18539,406560,1,3,0.16635410030239675,0.31999999999999995,0.19999999999999998,0.14333333333333334,0.3366666666666668
46,123508,3,3,2,1,2,1,2,63145,47069,365501,1,1,0.7454113548182754,0.05999999999999997,0.32,0.2,0.41999999999999993
21,79199,1,2,2,0,0,3,2,43175,18356,441482,1,3,0.4251534452808338,0.47500000000000003,0.1,0.07,0.355
24,62681,3,3,2,0,0,2,2,26118,7756,418695,1,3,0.2969599509916533,0.29,0.21999999999999997,0.09999999999999998,0.39
48,200726,1,4,2,1,2,1,2,162544,72982,540662,1,1,0.44899842504183485,0.09999999999999999,0.3,0.2,0.4
56,8000,1,3,3,1,1,1,2,7200,2131,117203,1,1,0.29597222222222225,0.059999999999999956,0.3,0.2,0.44000000000000006
57,142455,2,1,1,2,2,1,2,70424,94202,489300,1,1,1.337640577075997,0.05,0.33999999999999997,0.2,0.41000000000000003
38,141775,2,3,1,1,1,2,2,66204,51929,224353,1,2,0.7843785873965319,0.21999999999999997,0.24,0.17666666666666667,0.3633333333333334
27,117195,1,1,2,0,0,2,3,73803,21407,439091,1,3,0.2900559597848326,0.38499999999999995,0.24999999999999997,0.13999999999999999,0.2250000000000001
64,176664,2,2,2,1,2,1,2,96764,122603,180438,1,1,1.26703112727874,0.05,0.33999999999999997,0.2,0.41000000000000003
20,52906,2,1,2,0,0,2,2,26577,7728,292866,1,3,0.2907777401512586,0.30999999999999994,0.24,0.11666666666666667,0.33333333333333337
41,156578,1,3,1,1,2,1,2,122734,34870,489552,1,2,0.28411035246956834,0.135,0.3,0.2,0.365
36,95129,3,3,1,1,1,1,1,36074,28769,462394,1,2,0.7974995841880579,0.05,0.27,0.19000000000000003,0.49
26,8000,3,1,3,0,0,1,1,7200,2149,11905,1,3,0.29847222222222225,0.09999999999999998,0.27,0.15666666666666665,0.4733333333333334
44,100310,2,2,2,1,3,1,2,70803,35855,390754,1,2,0.5064050958292727,0.06999999999999998,0.33999999999999997,0.2,0.3900000000000001
64,12135,1,2,3,1,2,1,2,10176,3495,26037,1,1,0.3434551886792453,0.05,0.3,0.2,0.44999999999999996
23,76850,2,2,2,0,0,2,2,35420,16264,583659,1,3,0.45917560700169396,0.295,0.24,0.12666666666666665,0.3383333333333334
55,181984,1,1,2,1,1,1,2,156125,95035,505703,1,1,0.6087109687750201,0.06499999999999996,0.3,0.2,0.43500000000000005
25,116041,1,2,2,0,0,2,2,53727,29203,154861,1,3,0.5435442142684311,0.33499999999999996,0.19999999999999998,0.13333333333333333,0.3316666666666668
50,8161,1,3,3,1,1,1,1,7344,2114,24350,1,1,0.2878540305010893,0.05,0.25,0.2,0.5
38,101960,1,1,2,1,1,1,2,74861,37579,397236,1,2,0.50198367641362,0.14999999999999997,0.3,0.2,0.3500000000000001
63,109756,3,1,2,2,1,1,1,52932,38961,272444,1,1,0.7360575833144412,0.05,0.27,0.2,0.48
58,164821,2,2,1,2,1,1,2,87650,66762,117452,1,1,0.761688533941814,0.05,0.33999999999999997,0.2,0.41000000000000003
46,141980,2,4,1,1,1,1,2,82121,60434,370820,1,1,0.7359140780068436,0.05999999999999997,0.33999999999999997,0.2,0.40000000000000013
29,107834,1,3,2,1,1,3,2,64573,20161,293922,1,3,0.3122202778250972,0.435,0.1,0.09666666666666665,0.3683333333333333
45,163288,1,3,1,1,2,1,2,132907,43335,150538,1,1,0.3260550610577321,0.11499999999999998,0.3,0.2,0.385
38,145560,1,2,1,1,2,2,2,100670,59996,500960,1,2,0.5959670209595709,0.26999999999999996,0.19999999999999998,0.17666666666666667,0.3533333333333334
58,136632,3,2,1,2,0,1,1,45407,66697,557538,1,1,1.4688704384786486,0.05,0.27,0.2,0.48
22,91646,1,1,1,0,0,3,2,64124,13286,478296,1,3,0.2071923148899008,0.47000000000000003,0.1,0.07333333333333333,0.3566666666666666
64,120743,3,3,1,1,2,1,1,54562,71442,511211,1,1,1.3093728235768483,0.05,0.27,0.2,0.48
32,124492,2,4,1,1,1,1,2,75478,45062,208245,1,2,0.5970216486923342,0.12999999999999998,0.33999999999999997,0.2,0.33000000000000007
47,14186,1,3,3,1,2,1,2,12767,3622,52714,1,1,0.28370016448656693,0.105,0.3,0.2,0.395
39,126902,2,3,1,1,4,1,1,77324,17923,204263,1,2,0.23179090579897574,0.05,0.29,0.2,0.45999999999999996
47,202664,1,3,1,1,1,1,2,136045,57064,482531,1,1,0.41944944687419605,0.105,0.3,0.2,0.395
27,60594,3,1,1,0,0,2,1,23853,15751,573958,1,3,0.6603362260512304,0.21499999999999997,0.16999999999999996,0.10999999999999999,0.5050000000000001
60,155915,3,4,2,1,2,1,2,59074,101558,143367,1,1,1.7191657920574195,0.05,0.32,0.2,0.42999999999999994
58,174813,1,1,1,1,2,1,2,119916,81372,540733,1,1,0.6785750025017512,0.05,0.3,0.2,0.44999999999999996
20,8000,1,2,3,0,0,2,2,7200,1487,127739,1,3,0.20652777777777778,0.35999999999999993,0.19999999999999998,0.11666666666666667,0.32333333333333336
22,52576,2,1,2,0,0,2,2,23041,6314,293829,1,3,0.2740332450848488,0.3,0.24,0.12333333333333332,0.33666666666666667
32,71189,3,1,2,1,2,2,2,32347,23586,312880,1,2,0.7291557176863388,0.24999999999999997,0.21999999999999997,0.12666666666666665,0.4033333333333333
47,146305,1,2,1,1,1,1,2,122671,54285,137660,1,1,0.4425251281884064,0.105,0.3,0.2,0.395
44,117936,2,2,2,1,3,1,2,73314,36027,115728,1,2,0.4914068254357967,0.06999999999999998,0.33999999999999997,0.2,0.3900000000000001
52,143902,2,2,1,1,2,1,2,102298,51403,447737,1,1,0.5024829419930008,0.05,0.33999999999999997,0.2,0.41000000000000003
57,11085,2,2,3,1,2,1,1,8000,2873,87685,1,1,0.359125,0.05,0.29,0.2,0.45999999999999996
25,88226,1,1,2,0,0,2,2,54128,12735,376107,1,3,0.23527564292048478,0.33499999999999996,0.19999999999999998,0.13333333333333333,0.3316666666666668
63,201471,2,1,1,1,2,1,1,126467,80055,378830,1,1,0.6330109831023113,0.05,0.29,0.2,0.45999999999999996
64,141074,3,2,1,1,1,1,1,61730,78583,238687,1,1,1.2730115017009558,0.05,0.27,0.2,0.48
51,213706,1,2,1,1,1,1,2,176564,89780,337946,1,1,0.5084841757096576,0.08499999999999998,0.3,0.2,0.41500000000000004
64,217686,1,3,2,1,3,1,2,164254,64528,335380,1,1,0.39285496852435864,0.05,0.3,0.2,0.44999999999999996
40,88389,3,3,1,1,1,2,1,44906,21910,294213,1,2,0.4879080746448136,0.14999999999999997,0.16999999999999996,0.15333333333333332,0.5266666666666667
35,126067,1,3,2,1,2,2,2,94141,27842,510337,1,2,0.2957478675603616,0.285,0.19999999999999998,0.16666666666666666,0.3483333333333334
40,92984,3,3,1,1,2,1,1,49553,30947,325582,1,2,0.6245232377454443,0.05,0.27,0.2,0.48
30,93629,1,2,2,1,2,3,3,67517,21144,401822,1,2,0.3131655731149192,0.48999999999999994,0.15,0.1,0.2600000000000001
56,12795,1,3,3,1,2,1,1,11426,2696,179104,1,1,0.23595308944512516,0.05,0.25,0.2,0.5
55,115322,3,2,2,1,2,1,1,60107,71541,533116,1,1,1.190227427753839,0.05,0.27,0.2,0.48
54,214037,1,2,2,1,1,1,2,178557,84368,545211,1,1,0.47249897791741574,0.06999999999999997,0.3,0.2,0.43000000000000005
38,135768,2,3,1,1,2,1,2,96863,26694,235002,1,2,0.27558510473555436,0.09999999999999998,0.33999999999999997,0.2,0.3600000000000001
39,144827,1,2,1,1,2,2,2,105713,63659,117491,1,2,0.6021870536263279,0.26499999999999996,0.19999999999999998,0.18000000000000002,0.355
37,87480,2,3,2,1,2,1,2,46758,22371,230533,1,2,0.47844219171050945,0.10499999999999998,0.33999999999999997,0.2,0.355
60,291760,1,3,1,1,1,1,2,188405,162560,55741,1,1,0.8628221119397044,0.05,0.3,0.2,0.44999999999999996
33,153109,1,3,1,1,2,1,2,114990,50966,554680,1,2,0.4432211496651883,0.175,0.3,0.2,0.32499999999999996
34,77905,3,4,1,1,1,1,1,39891,25744,424621,1,2,0.6453586021909704,0.05999999999999997,0.27,0.18333333333333332,0.4866666666666667
50,159501,1,2,1,1,1,1,2,98073,91942,140851,1,1,0.937485342550957,0.08999999999999998,0.3,0.2,0.41000000000000003
20,72723,2,2,1,0,0,3,2,29299,8798,167689,1,3,0.3002832861189802,0.43000000000000005,0.14,0.06666666666666668,0.3633333333333333
22,13405,1,2,3,0,0,2,2,8000,2850,31135,1,3,0.35625,0.35,0.19999999999999998,0.12333333333333332,0.32666666666666677
35,123497,2,2,1,1,1,1,1,55700,25810,415210,1,2,0.4633752244165171,0.05499999999999999,0.29,0.2,0.45500000000000007
42,187757,1,3,2,1,3,1,2,143108,38483,467707,1,2,0.26890879615395363,0.13,0.3,0.2,0.37
30,66470,3,3,1,1,1,2,1,30295,21371,529821,1,2,0.7054299389338174,0.19999999999999998,0.16999999999999996,0.12,0.51
31,156351,1,3,2,1,1,2,2,123528,33140,570318,1,2,0.2682792565248365,0.305,0.19999999999999998,0.1533333333333333,0.3416666666666667
29,99052,1,2,1,1,1,2,2,62177,33782,200852,1,3,0.5433198771249819,0.315,0.19999999999999998,0.14666666666666664,0.3383333333333334
51,8554,1,1,3,1,1,1,1,7698,2360,61954,1,1,0.30657313587944923,0.05,0.25,0.2,0.5
35,14126,1,2,3,1,2,2,2,9452,4088,48064,1,2,0.4325010579771477,0.285,0.19999999999999998,0.16666666666666666,0.3483333333333334
27,58984,2,1,1,0,0,2,2,24682,12871,279380,1,3,0.5214731383194231,0.27499999999999997,0.24,0.13999999999999999,0.3450000000000001
57,14230,1,3,3,2,0,1,2,9090,3095,182933,1,1,0.3404840484048405,0.05500000000000001,0.3,0.2,0.44500000000000006
31,11771,3,2,4,1,1,2,1,8000,12024,115022,1,2,1.503,0.19499999999999998,0.16999999999999996,0.1233333333333333,0.5116666666666667
43,8000,1,1,3,1,2,1,1,7200,1000,147638,1,2,0.1388888888888889,0.06499999999999999,0.25,0.2,0.485
47,14037,1,1,3,1,2,1,1,8484,2689,98023,1,1,0.31694955209806697,0.05,0.25,0.2,0.5
27,82753,2,3,1,0,0,1,2,31145,21562,114428,1,3,0.6923101621448066,0.15499999999999997,0.33999999999999997,0.19,0.31500000000000006
47,150123,2,3,2,1,3,1,2,84326,39660,132097,1,1,0.47031757702250787,0.05499999999999999,0.33999999999999997,0.2,0.405
55,176968,1,2,1,1,2,1,2,118292,86035,368961,1,1,0.7273103844723228,0.06499999999999996,0.3,0.2,0.43500000000000005
45,133218,1,1,1,1,1,1,2,78207,30943,459394,1,1,0.3956551203856432,0.11499999999999998,0.3,0.2,0.385
27,10765,1,2,4,0,0,2,2,8000,12721,43066,1,3,1.590125,0.32499999999999996,0.19999999999999998,0.13999999999999999,0.3350000000000001
47,125433,2,2,1,1,2,1,2,62661,58713,460954,1,1,0.9369943026763058,0.05499999999999999,0.33999999999999997,0.2,0.405
47,118763,2,3,2,1,1,1,2,52248,32135,505332,1,1,0.6150474659317103,0.05499999999999999,0.33999999999999997,0.2,0.405
56,8000,1,3,3,1,2,1,1,7200,1543,82379,1,1,0.21430555555555555,0.05,0.25,0.2,0.5
60,10072,3,2,3,2,0,1,1,8000,2910,149283,1,1,0.36375,0.05,0.27,0.2,0.48
55,13463,3,1,4,1,1,1,1,8000,14012,80805,1,1,1.7515,0.05,0.27,0.2,0.48
46,117380,2,4,1,1,2,1,2,68328,40459,439175,1,1,0.5921291417866761,0.05999999999999997,0.33999999999999997,0.2,0.40000000000000013
36,93568,3,2,1,1,3,1,1,57740,21740,481998,1,2,0.37651541392448906,0.05,0.27,0.19000000000000003,0.49
28,142345,1,3,1,1,4,1,2,128110,18478,595963,1,3,0.14423542268363126,0.19999999999999996,0.3,0.19333333333333336,0.30666666666666664
52,174676,1,1,1,1,2,1,2,107709,105512,69079,1,1,0.9796024473349488,0.07999999999999997,0.3,0.2,0.42000000000000004
39,136287,1,2,1,1,2,2,2,96528,43043,305520,1,2,0.44591206696502567,0.26499999999999996,0.19999999999999998,0.18000000000000002,0.355
32,93113,1,1,1,1,1,2,2,54621,32354,182810,1,2,0.5923362809175958,0.3,0.19999999999999998,0.15666666666666665,0.3433333333333334
47,139491,2,2,2,1,1,1,2,60007,71054,202036,1,1,1.184095188894629,0.05499999999999999,0.33999999999999997,0.2,0.405
48,152419,3,4,2,1,2,2,2,60849,81983,446697,1,1,1.3473187726996336,0.16999999999999998,0.21999999999999997,0.18,0.43000000000000005
32,109876,1,2,1,1,2,2,2,93510,21633,558522,1,2,0.23134424125761952,0.3,0.19999999999999998,0.15666666666666665,0.3433333333333334
54,153307,1,1,2,1,4,1,2,137976,41657,297302,1,1,0.3019148257668,0.06999999999999997,0.3,0.2,0.43000000000000005
25,83279,1,1,1,0,0,2,2,41751,22931,189922,1,3,0.5492323537160787,0.33499999999999996,0.19999999999999998,0.13333333333333333,0.3316666666666668
37,77281,3,2,1,1,2,1,1,35149,22274,242549,1,2,0.6337022390395175,0.05,0.27,0.19333333333333333,0.4866666666666667
24,84700,1,1,2,0,0,2,2,42279,15614,327525,1,3,0.3693086402232787,0.33999999999999997,0.19999999999999998,0.12999999999999998,0.33000000000000007
44,134176,2,1,2,1,2,1,2,92864,44525,245325,1,2,0.4794645933838732,0.06999999999999998,0.33999999999999997,0.2,0.3900000000000001
21,82304,1,3,2,0,0,3,3,57811,20091,216789,1,3,0.34752901696908894,0.535,0.15,0.07,0.24499999999999988
29,102350,1,2,1,1,2,3,3,66561,18524,467992,1,3,0.2783011072549992,0.49499999999999994,0.15,0.09666666666666665,0.2583333333333334
49,12259,3,2,3,1,3,1,1,8000,1532,51961,1,1,0.1915,0.05,0.27,0.2,0.48
64,176832,3,4,2,1,2,1,2,65520,78282,369615,1,1,1.1947802197802198,0.05,0.32,0.2,0.42999999999999994
24,70839,1,1,2,0,0,2,3,43238,18012,496883,1,3,0.41657801008372264,0.39999999999999997,0.24999999999999997,0.12999999999999998,0.22000000000000008
52,142666,3,4,2,1,2,2,2,56748,42833,233114,1,1,0.7547931204623951,0.14999999999999997,0.21999999999999997,0.19333333333333336,0.43666666666666676
20,14957,2,2,3,0,0,2,1,8000,3742,120658,1,3,0.46775,0.24999999999999997,0.18999999999999997,0.11666666666666667,0.44333333333333336
37,109854,3,3,2,1,2,2,2,54285,42208,434450,1,2,0.7775260200792116,0.22499999999999998,0.21999999999999997,0.1433333333333333,0.41166666666666674
51,166508,1,3,2,1,3,1,2,134887,61281,427512,1,1,0.454313610651879,0.08499999999999998,0.3,0.2,0.41500000000000004
30,17063,2,3,4,1,1,1,1,8761,15316,89169,1,2,1.74820226001598,0.07999999999999999,0.29,0.2,0.42999999999999994
40,211702,1,4,2,1,3,2,3,190531,47051,273288,1,2,0.24694669108963896,0.31999999999999995,0.24999999999999997,0.18333333333333332,0.2466666666666667
45,136622,2,2,1,1,2,1,1,98515,45780,517962,1,1,0.4647008069837081,0.05,0.29,0.2,0.45999999999999996
44,198060,1,4,2,1,2,2,2,178254,100486,151689,1,2,0.5637236752050445,0.24,0.19999999999999998,0.19666666666666663,0.3633333333333334
41,170507,1,2,1,1,2,1,2,116559,74015,260627,1,2,0.6350003002771129,0.135,0.3,0.2,0.365
46,149552,1,2,1,1,2,1,2,112049,78581,151509,1,1,0.7013092486322948,0.10999999999999997,0.3,0.2,0.39
32,94705,2,2,2,1,1,2,2,50423,30942,135903,1,2,0.6136485334073736,0.24999999999999997,0.24,0.15666666666666665,0.3533333333333334
52,14551,1,2,3,2,1,1,2,9226,2118,18855,1,1,0.22956861044873184,0.07999999999999997,0.3,0.2,0.42000000000000004
53,9419,2,1,3,1,2,1,1,8000,1743,116573,1,1,0.217875,0.05,0.29,0.2,0.45999999999999996
60,136433,3,2,1,2,0,1,1,54693,75601,125831,1,1,1.3822792679136269,0.05,0.27,0.2,0.48
54,216292,1,2,1,2,0,1,2,137138,81481,268463,1,1,0.5941533345972669,0.06999999999999997,0.3,0.2,0.43000000000000005
20,59236,2,3,1,0,0,1,2,26436,6291,476599,1,3,0.23797094870630958,0.18999999999999997,0.33999999999999997,0.16666666666666669,0.30333333333333345
40,21777,1,3,4,1,2,1,2,19189,26044,58869,1,2,1.3572359164104435,0.13999999999999996,0.3,0.2,0.3600000000000001
25,11845,3,2,4,0,0,1,1,8000,9527,152661,1,3,1.190875,0.10499999999999998,0.27,0.15333333333333335,0.4716666666666667
47,136262,1,2,2,1,2,2,2,89779,61274,472733,1,1,0.6824981343075774,0.22499999999999998,0.19999999999999998,0.2,0.375
36,9808,2,2,3,1,2,1,1,8000,2526,49165,1,2,0.31575,0.05,0.29,0.2,0.45999999999999996
24,58216,3,1,2,0,0,3,2,18665,14454,464411,1,3,0.7743905705866595,0.41000000000000003,0.12000000000000001,0.04999999999999999,0.41999999999999993
50,129346,3,1,2,1,2,1,1,66600,46950,473888,1,1,0.704954954954955,0.05,0.27,0.2,0.48
24,85559,2,2,1,0,0,2,2,39279,12383,298726,1,3,0.31525751673922453,0.29,0.24,0.12999999999999998,0.33999999999999997
57,222066,1,2,1,1,2,1,2,167864,141366,42084,1,1,0.8421460229709765,0.05500000000000001,0.3,0.2,0.44500000000000006
22,88965,2,4,2,0,0,2,2,38632,21288,360635,1,3,0.551045765168772,0.3,0.24,0.12333333333333332,0.33666666666666667
42,84962,3,2,2,1,4,1,1,48992,15844,560698,1,2,0.3233997387328543,0.05,0.27,0.2,0.48
56,142994,2,2,1,2,0,1,1,66666,68400,419808,1,1,1.026010260102601,0.05,0.29,0.2,0.45999999999999996
56,12777,1,2,3,2,1,1,1,8000,1583,34584,1,1,0.197875,0.05,0.25,0.2,0.5
29,62831,3,1,1,1,1,2,1,26356,10038,441378,1,3,0.38086204279860375,0.205,0.16999999999999996,0.11666666666666664,0.5083333333333334
29,108283,2,2,1,1,2,1,2,52850,24843,313601,1,3,0.4700662251655629,0.145,0.33999999999999997,0.19666666666666666,0.31833333333333336
38,148293,2,3,2,1,2,1,2,80466,64684,395764,1,2,0.8038674719757413,0.09999999999999998,0.33999999999999997,0.2,0.3600000000000001
36,127425,1,2,2,1,2,2,2,92961,47272,467032,1,2,0.5085143232108088,0.27999999999999997,0.19999999999999998,0.17,0.35
40,120529,2,2,2,1,3,1,2,78603,33507,357473,1,2,0.4262814396397084,0.08999999999999997,0.33999999999999997,0.2,0.3700000000000001
33,122156,1,4,1,1,1,1,2,77249,46734,506991,1,2,0.6049787052259576,0.175,0.3,0.2,0.32499999999999996
28,76854,2,3,1,1,1,1,2,42406,23282,461077,1,3,0.5490260812149225,0.14999999999999997,0.33999999999999997,0.19333333333333336,0.31666666666666665
20,82403,1,3,2,0,0,3,3,45314,9396,407536,1,3,0.20735313589619103,0.54,0.15,0.06666666666666668,0.2433333333333333
64,155175,2,2,2,1,3,1,2,107564,35136,175396,1,1,0.3266520397158901,0.05,0.33999999999999997,0.2,0.41000000000000003
32,79557,3,3,1,1,1,1,1,34274,16164,517974,1,2,0.47161113380404973,0.06999999999999998,0.27,0.17666666666666667,0.4833333333333334
23,104596,1,1,2,0,0,2,2,64652,28521,567952,1,3,0.44114644558559674,0.345,0.19999999999999998,0.12666666666666665,0.32833333333333337
20,55487,3,2,1,0,0,1,1,19659,11899,168482,1,3,0.6052698509588483,0.12999999999999998,0.27,0.1366666666666667,0.46333333333333326
59,170462,1,1,2,1,2,1,2,132086,85193,344120,1,1,0.6449813000620808,0.05,0.3,0.2,0.44999999999999996
51,8000,3,2,3,2,0,1,1,7200,2223,51777,1,1,0.30875,0.05,0.27,0.2,0.48
53,140041,2,2,1,2,1,1,2,78125,52502,477261,1,1,0.6720256,0.05,0.33999999999999997,0.2,0.41000000000000003
47,126245,2,1,1,1,1,2,2,70115,38967,460814,1,1,0.5557583969193468,0.175,0.24,0.2,0.385
50,159585,2,4,2,2,0,1,2,70023,66941,170442,1,1,0.9559858903503134,0.05,0.33999999999999997,0.2,0.41000000000000003
27,59669,3,4,2,0,0,2,2,24647,18160,538513,1,3,0.7368036677891833,0.27499999999999997,0.21999999999999997,0.10999999999999999,0.395
58,261841,1,3,2,1,2,1,2,194521,77816,190486,1,1,0.40003907033173797,0.05,0.3,0.2,0.44999999999999996
45,8000,1,2,3,1,4,1,1,7200,1000,249314,1,1,0.1388888888888889,0.05499999999999998,0.25,0.2,0.495
53,8000,2,3,3,1,2,1,1,7200,1000,91396,1,1,0.1388888888888889,0.05,0.29,0.2,0.45999999999999996
22,23235,3,1,4,0,0,1,1,8000,27751,65654,1,3,3.468875,0.11999999999999998,0.27,0.14333333333333334,0.4666666666666667
31,120064,2,3,1,1,2,2,2,58661,29648,179119,1,2,0.5054124546120932,0.255,0.24,0.1533333333333333,0.3516666666666667
20,53597,2,1,1,0,0,3,2,22051,12151,183807,1,3,0.5510407691261168,0.43000000000000005,0.14,0.06666666666666668,0.3633333333333333
63,264596,1,3,1,1,2,1,2,237860,111084,132378,1,1,0.46701421003951904,0.05,0.3,0.2,0.44999999999999996
24,74230,3,2,1,0,0,3,2,21748,16728,375215,1,3,0.7691741769358101,0.41000000000000003,0.12000000000000001,0.04999999999999999,0.41999999999999993
49,189456,1,3,2,1,4,1,2,158268,63063,161042,1,1,0.39845704753961636,0.09499999999999999,0.3,0.2,0.405
49,156513,2,4,1,1,3,1,2,79772,31854,156348,1,1,0.39931304217018504,0.05,0.33999999999999997,0.2,0.41000000000000003
36,10114,1,1,3,1,4,1,1,9102,1008,68077,1,2,0.11074489123269611,0.09999999999999999,0.25,0.2,0.44999999999999996
42,169267,1,2,2,1,1,1,2,138857,38461,471883,1,2,0.27698279524978936,0.13,0.3,0.2,0.37
34,181169,1,4,2,1,1,1,2,112024,73854,455941,1,2,0.6592694422623724,0.16999999999999998,0.3,0.2,0.33000000000000007
56,207782,1,2,1,1,2,1,2,155676,115435,11686,1,1,0.7415080038027698,0.059999999999999956,0.3,0.2,0.44000000000000006
40,120995,2,3,1,1,3,1,2,66878,31402,380135,1,2,0.46954155327611474,0.08999999999999997,0.33999999999999997,0.2,0.3700000000000001
33,119616,1,2,1,1,1,2,2,93178,28426,142338,1,2,0.30507201270686213,0.295,0.19999999999999998,0.16,0.345
21,87328,1,2,1,0,0,3,3,58554,16915,551872,1,3,0.28887864193735696,0.535,0.15,0.07,0.24499999999999988
30,118181,1,2,1,1,1,2,2,79532,31566,553558,1,2,0.39689684655233115,0.31,0.19999999999999998,0.15,0.33999999999999997
58,159575,1,1,2,1,3,1,2,138046,39900,449116,1,1,0.2890340900859134,0.05,0.3,0.2,0.44999999999999996
57,8000,1,3,3,1,1,1,2,7200,1349,185237,1,1,0.18736111111111112,0.05500000000000001,0.3,0.2,0.44500000000000006
53,12002,1,2,3,1,2,1,2,8859,3027,162290,1,1,0.34168642058923127,0.07499999999999997,0.3,0.2,0.42500000000000004
57,163392,2,2,2,1,2,1,2,96301,107869,165707,1,1,1.1201233632049512,0.05,0.33999999999999997,0.2,0.41000000000000003
53,163847,2,2,1,1,2,1,1,88400,68688,384853,1,1,0.7770135746606335,0.05,0.29,0.2,0.45999999999999996
37,8000,2,2,3,1,3,1,1,7200,1171,126514,1,2,0.1626388888888889,0.05,0.29,0.2,0.45999999999999996
49,9070,1,3,3,1,2,1,1,8000,1003,43559,1,1,0.125375,0.05,0.25,0.2,0.5
34,165683,1,4,1,1,2,2,2,122174,38841,263600,1,2,0.3179154320886604,0.29,0.19999999999999998,0.1633333333333333,0.3466666666666667
46,117162,3,2,2,1,2,1,1,68031,38580,414247,1,1,0.5670944128412048,0.05,0.27,0.2,0.48
53,177617,2,3,1,1,2,1,2,123533,91629,186328,1,1,0.7417370257340143,0.05,0.33999999999999997,0.2,0.41000000000000003
57,8000,1,3,3,1,2,1,2,7200,1669,51728,1,1,0.23180555555555554,0.05500000000000001,0.3,0.2,0.44500000000000006
52,29885,1,2,4,1,1,1,2,24355,34467,93612,1,1,1.4151919523711765,0.07999999999999997,0.3,0.2,0.42000000000000004
43,209305,1,4,1,1,1,1,2,125794,66393,216525,1,2,0.5277914685915067,0.12499999999999999,0.3,0.2,0.375
34,10695,1,1,3,1,1,1,1,8000,1159,117728,1,2,0.144875,0.10999999999999997,0.25,0.2,0.43999999999999995
49,179794,1,1,2,1,1,1,2,132823,96765,561588,1,1,0.7285259330085904,0.09499999999999999,0.3,0.2,0.405
61,23890,2,3,4,1,2,1,2,13443,26183,149617,1,1,1.9477051253440452,0.05,0.33999999999999997,0.2,0.41000000000000003
36,95340,2,2,1,1,3,2,2,64833,18330,433213,1,2,0.28272638933876265,0.22999999999999998,0.24,0.17,0.36
24,11755,2,3,3,0,0,2,1,8000,2843,116544,1,3,0.355375,0.22999999999999998,0.18999999999999997,0.12999999999999998,0.45000000000000007
48,112650,2,3,1,1,3,1,2,83913,37097,343973,1,1,0.44208883009783945,0.05,0.33999999999999997,0.2,0.41000000000000003
23,59314,3,1,1,0,0,2,2,16777,8886,193281,1,3,0.529653692555284,0.295,0.21999999999999997,0.09666666666666665,0.3883333333333334
29,82301,2,3,1,1,3,1,1,42827,15024,547355,1,3,0.350806734069629,0.08499999999999999,0.29,0.19666666666666666,0.42833333333333334
36,16593,3,2,4,1,2,1,1,8783,14008,49707,1,2,1.5948992371627007,0.05,0.27,0.19000000000000003,0.49
29,13427,1,2,3,1,2,1,2,11927,2834,18261,1,3,0.23761214052150584,0.195,0.3,0.19666666666666666,0.30833333333333335
36,13183,1,3,3,1,2,2,2,11039,3879,150003,1,2,0.3513905245040312,0.27999999999999997,0.19999999999999998,0.17,0.35
39,13401,1,4,3,1,1,1,1,8000,3755,35123,1,2,0.469375,0.08499999999999998,0.25,0.2,0.4650000000000001
43,111782,2,1,1,1,1,1,2,50750,37254,285947,1,2,0.7340689655172414,0.07499999999999998,0.33999999999999997,0.2,0.385
24,55504,3,2,1,0,0,2,1,23102,15111,114142,1,3,0.6540992121894208,0.22999999999999998,0.16999999999999996,0.09999999999999998,0.5000000000000001
53,216918,1,3,1,1,2,1,2,167978,105294,27413,1,1,0.6268320851540082,0.07499999999999997,0.3,0.2,0.42500000000000004
25,60212,3,3,1,0,0,2,2,23681,16301,186601,1,3,0.6883577551623664,0.285,0.21999999999999997,0.10333333333333333,0.39166666666666683
21,103077,1,3,1,0,0,3,3,50156,23097,127205,1,3,0.46050322992264137,0.535,0.15,0.07,0.24499999999999988
32,73613,3,1,1,1,4,1,1,40471,13445,428328,1,2,0.33221318969138397,0.06999999999999998,0.27,0.17666666666666667,0.4833333333333334
62,261124,1,2,1,2,0,1,2,147590,138656,167401,1,1,0.9394674435937395,0.05,0.3,0.2,0.44999999999999996
62,228457,1,2,1,1,1,1,2,193700,125176,74663,1,1,0.6462364481156427,0.05,0.3,0.2,0.44999999999999996
30,128446,1,3,1,1,3,1,2,115601,16890,537288,1,2,0.14610600254323058,0.19,0.3,0.2,0.31000000000000005
42,141190,1,2,1,1,1,2,2,109897,63365,206673,1,2,0.5765853480986742,0.25,0.19999999999999998,0.19000000000000003,0.36
35,17850,1,1,4,1,3,1,2,16065,13029,131347,1,2,0.8110177404295051,0.16499999999999998,0.3,0.2,0.33499999999999996
50,225233,1,4,2,2,1,1,2,149112,124176,30147,1,1,0.8327699983904716,0.08999999999999998,0.3,0.2,0.41000000000000003
30,14461,3,1,4,1,4,1,1,9163,8593,205139,1,2,0.9377932991378369,0.07999999999999999,0.27,0.17,0.48
35,121352,2,4,1,1,2,1,2,83250,33547,309934,1,2,0.402966966966967,0.11499999999999999,0.33999999999999997,0.2,0.345
27,99935,1,3,1,0,0,2,2,52062,29919,406641,1,3,0.5746801890054166,0.32499999999999996,0.19999999999999998,0.13999999999999999,0.3350000000000001
23,73877,2,3,2,0,0,2,2,32240,18110,480837,1,3,0.5617245657568238,0.295,0.24,0.12666666666666665,0.3383333333333334
59,201122,2,2,1,1,2,1,1,106904,59657,372851,1,1,0.5580427299259149,0.05,0.29,0.2,0.45999999999999996
23,106717,1,1,1,0,0,2,2,62303,13994,413815,1,3,0.22461197695135066,0.345,0.19999999999999998,0.12666666666666665,0.32833333333333337
44,178472,1,3,1,1,2,1,2,153397,54439,567625,1,2,0.3548896001877481,0.11999999999999998,0.3,0.2,0.38
22,110307,1,3,1,0,0,3,3,62913,13612,249532,1,3,0.21636227806653632,0.53,0.15,0.07333333333333333,0.2466666666666666
51,189337,1,3,1,1,2,1,2,132343,101104,71832,1,1,0.7639542703429725,0.08499999999999998,0.3,0.2,0.41500000000000004
22,66430,2,1,1,0,0,2,2,25264,13927,458851,1,3,0.5512587080430652,0.3,0.24,0.12333333333333332,0.33666666666666667
46,184938,1,3,2,1,2,1,2,166444,83020,405652,1,1,0.498786378601812,0.10999999999999997,0.3,0.2,0.39
48,151652,2,3,1,1,1,1,1,93988,41949,189266,1,1,0.4463229348427459,0.05,0.29,0.2,0.45999999999999996
51,173046,2,3,1,1,2,1,2,91401,99389,288073,1,1,1.0873951050863777,0.05,0.33999999999999997,0.2,0.41000000000000003
38,9647,1,3,3,1,2,2,2,8161,2198,93567,1,2,0.26932973900257323,0.26999999999999996,0.19999999999999998,0.17666666666666667,0.3533333333333334
40,127860,2,3,1,1,3,1,2,88266,28280,309694,1,2,0.32039516914780325,0.08999999999999997,0.33999999999999997,0.2,0.3700000000000001
24,103041,1,3,1,0,0,2,2,48077,25944,189137,1,3,0.5396343365850614,0.33999999999999997,0.19999999999999998,0.12999999999999998,0.33000000000000007
37,8000,3,1,3,1,3,1,1,7200,1089,281107,1,2,0.15125,0.05,0.27,0.19333333333333333,0.4866666666666667
47,159627,1,2,1,1,2,1,2,143664,55166,481159,1,1,0.3839932063704199,0.105,0.3,0.2,0.395
61,135512,3,1,1,1,1,1,1,53633,91834,340677,1,1,1.7122667014711093,0.05,0.27,0.2,0.48
41,104607,2,2,1,1,3,1,1,76199,25833,440030,1,2,0.33902019711544773,0.05,0.29,0.2,0.45999999999999996
40,139946,1,2,1,1,2,1,2,90330,36416,548641,1,2,0.40314402745488764,0.13999999999999996,0.3,0.2,0.3600000000000001
25,59770,2,1,2,0,0,1,2,28764,11498,168087,1,3,0.39973578083715755,0.16499999999999998,0.33999999999999997,0.18333333333333335,0.31166666666666676
20,8000,3,2,3,0,0,2,1,7200,2319,50074,1,3,0.32208333333333333,0.24999999999999997,0.16999999999999996,0.08666666666666667,0.4933333333333334
24,57916,2,1,1,0,0,2,2,29602,10623,371350,1,3,0.35886088777785285,0.29,0.24,0.12999999999999998,0.33999999999999997
60,98421,3,3,2,1,3,1,2,57167,30837,499505,1,1,0.5394195952210191,0.05,0.32,0.2,0.42999999999999994
31,103498,3,4,1,1,4,1,1,48889,11754,118127,1,2,0.24042218085867986,0.07499999999999998,0.27,0.1733333333333333,0.4816666666666667
45,186510,1,1,1,1,1,1,2,125315,95049,592009,1,1,0.7584806288153852,0.11499999999999998,0.3,0.2,0.385
53,221505,1,4,2,1,3,1,2,163804,52968,327453,1,1,0.32336206686039415,0.07499999999999997,0.3,0.2,0.42500000000000004
33,115891,2,2,1,1,1,1,1,76279,19791,279615,1,2,0.25945542023361606,0.06499999999999997,0.29,0.2,0.44500000000000006
45,185036,1,2,1,1,2,1,2,161033,60364,246362,1,1,0.3748548434171878,0.11499999999999998,0.3,0.2,0.385
64,120362,3,1,1,2,0,1,1,34423,88005,187178,1,1,2.556575545420213,0.05,0.27,0.2,0.48
46,126303,3,2,1,1,1,1,1,46206,51490,495786,1,1,1.114357442756352,0.05,0.27,0.2,0.48
28,99320,1,3,1,1,3,1,2,74742,10621,577707,1,3,0.14210216478017715,0.19999999999999996,0.3,0.19333333333333336,0.30666666666666664
45,14638,1,3,3,1,1,1,2,8288,1802,82728,1,1,0.21742277992277992,0.11499999999999998,0.3,0.2,0.385
41,95846,2,1,1,1,1,1,2,42246,40569,576210,1,2,0.9603039341002698,0.08499999999999999,0.33999999999999997,0.2,0.375
49,134910,1,1,1,1,2,1,2,103509,48919,511898,1,1,0.4726062467997952,0.09499999999999999,0.3,0.2,0.405
62,136138,3,2,1,1,3,1,1,67541,67961,340525,1,1,1.0062184450926104,0.05,0.27,0.2,0.48
36,147363,1,2,2,1,4,2,2,132626,37171,437013,1,2,0.28026932878922683,0.27999999999999997,0.19999999999999998,0.17,0.35
45,123185,2,1,2,1,3,1,2,92822,28084,317492,1,1,0.30255758333153776,0.06499999999999997,0.33999999999999997,0.2,0.395
55,152480,1,2,2,1,2,1,2,111523,77959,379361,1,1,0.6990396599804525,0.06499999999999996,0.3,0.2,0.43500000000000005
20,81796,2,3,2,0,0,2,2,38830,13695,129023,1,3,0.3526912181303116,0.30999999999999994,0.24,0.11666666666666667,0.33333333333333337
27,8000,1,4,3,0,0,1,1,7200,2377,139252,1,3,0.33013888888888887,0.14499999999999996,0.25,0.19,0.41500000000000004
54,180191,2,2,1,1,2,1,2,122309,78279,126412,1,1,0.6400101382563834,0.05,0.33999999999999997,0.2,0.41000000000000003
34,141348,1,4,1,1,1,1,2,110160,33097,508542,1,2,0.3004448075526507,0.16999999999999998,0.3,0.2,0.33000000000000007
41,13384,2,2,3,1,1,1,1,8000,2281,164989,1,2,0.285125,0.05,0.29,0.2,0.45999999999999996
33,24475,3,2,4,1,2,1,1,11128,19741,47415,1,2,1.7739935298346514,0.06499999999999997,0.27,0.18000000000000002,0.485
45,13128,1,1,3,1,2,1,2,11555,2255,64732,1,1,0.19515361315447857,0.11499999999999998,0.3,0.2,0.385
47,150999,1,3,1,1,2,1,2,120768,39159,340655,1,1,0.3242498012718601,0.105,0.3,0.2,0.395
42,192421,1,4,1,1,3,1,2,137718,63517,398331,1,2,0.461210589755878,0.13,0.3,0.2,0.37
33,90511,2,3,1,1,2,1,1,56360,34802,243676,1,2,0.6174946770759404,0.06499999999999997,0.29,0.2,0.44500000000000006
43,137167,2,2,2,1,1,1,2,91243,44843,396243,1,2,0.49146783862871674,0.07499999999999998,0.33999999999999997,0.2,0.385
21,64900,2,3,1,0,0,2,2,26593,15003,248893,1,3,0.5641710224495168,0.305,0.24,0.12,0.3350000000000001
64,200298,1,1,1,2,0,1,2,143140,120595,11098,1,1,0.8424968562246752,0.05,0.3,0.2,0.44999999999999996
45,8000,1,3,3,1,3,1,2,7200,1435,50631,1,1,0.19930555555555557,0.11499999999999998,0.3,0.2,0.385
33,100093,2,2,1,1,3,1,2,60268,20855,150575,1,2,0.3460376982810115,0.12499999999999997,0.33999999999999997,0.2,0.33499999999999996
26,8000,1,2,3,0,0,3,2,7200,1900,158450,1,3,0.2638888888888889,0.45,0.1,0.08666666666666667,0.3633333333333333
22,57865,3,2,1,0,0,2,2,16398,9365,580715,1,3,0.571106232467374,0.3,0.21999999999999997,0.09333333333333332,0.3866666666666667
42,193749,1,3,1,1,3,1,2,136470,37770,313483,1,2,0.27676412398329303,0.13,0.3,0.2,0.37
62,133705,2,1,1,1,1,1,1,85922,43589,356341,1,1,0.5073089546332721,0.05,0.29,0.2,0.45999999999999996
64,263754,1,3,2,1,4,1,2,208024,84686,173424,1,1,0.4070972580086913,0.05,0.3,0.2,0.44999999999999996
37,156203,1,1,1,1,1,2,2,116312,50505,375515,1,2,0.43422002888781897,0.27499999999999997,0.19999999999999998,0.1733333333333333,0.3516666666666667
57,141705,2,3,1,1,1,1,2,67497,49672,172327,1,1,0.7359141887787606,0.05,0.33999999999999997,0.2,0.41000000000000003
54,16780,2,3,4,1,4,1,1,10268,11757,202803,1,1,1.14501363459291,0.05,0.29,0.2,0.45999999999999996
34,95480,3,3,1,1,1,2,2,37361,37765,566629,1,2,1.0108134150584835,0.23999999999999996,0.21999999999999997,0.1333333333333333,0.40666666666666673
44,144441,1,2,2,1,2,1,2,109746,34392,197849,1,2,0.31337816412443276,0.11999999999999998,0.3,0.2,0.38
56,237855,1,2,2,1,1,1,2,185521,97260,482281,1,1,0.5242533190312687,0.059999999999999956,0.3,0.2,0.44000000000000006
47,99856,2,1,1,1,2,1,2,63360,32651,111751,1,1,0.5153251262626263,0.05499999999999999,0.33999999999999997,0.2,0.405
29,92749,2,3,2,1,4,1,2,66295,19590,287748,1,3,0.2954973979938155,0.145,0.33999999999999997,0.19666666666666666,0.31833333333333336
58,212832,1,2,1,1,2,2,2,191548,84285,155374,1,1,0.44002025601937894,0.16999999999999998,0.19999999999999998,0.2,0.42999999999999994
36,138224,1,2,2,1,2,2,2,98902,41051,276237,1,2,0.41506744049665323,0.27999999999999997,0.19999999999999998,0.17,0.35
58,232978,1,2,1,1,1,1,2,196223,152824,34707,1,1,0.7788281699902662,0.05,0.3,0.2,0.44999999999999996
41,64898,3,1,2,1,2,1,1,25218,15761,286652,1,2,0.6249900864461893,0.05,0.27,0.2,0.48
45,192359,1,3,1,1,2,1,2,148243,49741,308761,1,1,0.33553692248537875,0.11499999999999998,0.3,0.2,0.385
63,194846,1,1,2,1,1,1,2,128456,74126,250295,1,1,0.5770536214735007,0.05,0.3,0.2,0.44999999999999996
44,186192,1,3,1,1,2,1,2,152470,95413,428310,1,2,0.625782121072998,0.11999999999999998,0.3,0.2,0.38
36,102962,1,2,1,1,1,2,2,88971,28269,559426,1,2,0.3177327443773814,0.27999999999999997,0.19999999999999998,0.17,0.35
32,117723,1,1,1,1,4,2,2,105950,28990,300297,1,2,0.27361963190184047,0.3,0.19999999999999998,0.15666666666666665,0.3433333333333334
39,105611,2,2,1,1,2,1,2,52067,40475,196171,1,2,0.7773637812818099,0.09499999999999997,0.33999999999999997,0.2,0.365
44,13444,1,1,3,1,1,1,2,9130,1898,54144,1,2,0.20788608981380066,0.11999999999999998,0.3,0.2,0.38
23,66239,3,2,1,0,0,1,1,22815,8427,527000,1,3,0.36936226166995395,0.11499999999999998,0.27,0.14666666666666664,0.4683333333333334
29,8000,1,3,3,1,2,2,2,7200,1204,114327,1,3,0.16722222222222222,0.315,0.19999999999999998,0.14666666666666664,0.3383333333333334
22,11057,2,1,4,0,0,2,2,8000,9381,91002,1,3,1.172625,0.3,0.24,0.12333333333333332,0.33666666666666667
60,149488,3,3,2,1,2,1,2,82549,75827,174818,1,1,0.9185695768573817,0.05,0.32,0.2,0.42999999999999994
64,136214,2,1,1,1,3,1,1,90464,54836,324863,1,1,0.6061637778563849,0.05,0.29,0.2,0.45999999999999996
37,101661,2,1,1,1,4,1,2,67648,16713,239246,1,2,0.2470583017975402,0.10499999999999998,0.33999999999999997,0.2,0.355
55,208472,1,3,2,1,2,1,2,178520,67527,571581,1,1,0.378260138920009,0.06499999999999996,0.3,0.2,0.43500000000000005
41,146899,1,2,1,1,3,1,2,101253,42037,542035,1,2,0.4151679456411168,0.135,0.3,0.2,0.365
53,136847,2,1,1,1,2,1,2,70768,51839,141951,1,1,0.7325203481799684,0.05,0.33999999999999997,0.2,0.41000000000000003
27,73764,3,2,2,0,0,1,1,26262,16222,358326,1,3,0.6176985758891174,0.09499999999999997,0.27,0.16,0.475
59,13795,2,2,3,2,0,1,1,8000,3099,45011,1,1,0.387375,0.05,0.29,0.2,0.45999999999999996
63,223767,2,3,2,1,2,1,2,141447,140950,82155,1,1,0.9964863164294754,0.05,0.33999999999999997,0.2,0.41000000000000003
38,115242,2,2,1,1,2,1,1,62144,31776,538423,1,2,0.5113285272914521,0.05,0.29,0.2,0.45999999999999996
61,261729,1,3,2,2,1,2,2,163781,114188,105502,1,1,0.697199308833137,0.15499999999999997,0.19999999999999998,0.2,0.44500000000000006
60,187692,1,3,1,1,3,1,2,168922,84335,267107,1,1,0.4992540936053326,0.05,0.3,0.2,0.44999999999999996
56,139578,2,2,1,1,2,1,2,70552,39387,203944,1,1,0.5582690781267717,0.05,0.33999999999999997,0.2,0.41000000000000003
25,14280,3,4,3,0,0,2,1,8000,2125,160064,1,3,0.265625,0.22499999999999998,0.16999999999999996,0.10333333333333333,0.5016666666666667
45,167363,1,2,1,1,4,1,2,124930,46041,412259,1,1,0.36853437925238136,0.11499999999999998,0.3,0.2,0.385
53,165815,2,4,1,1,3,1,1,123679,62484,334032,1,1,0.5052110705940378,0.05,0.29,0.2,0.45999999999999996
64,250005,1,1,1,1,2,1,2,168652,124724,43496,1,1,0.7395346630932335,0.05,0.3,0.2,0.44999999999999996
25,14856,2,3,3,0,0,2,2,8000,3892,66849,1,3,0.4865,0.285,0.24,0.13333333333333333,0.3416666666666668
56,161886,1,2,2,1,2,1,2,143849,103058,191968,1,1,0.7164318139159813,0.059999999999999956,0.3,0.2,0.44000000000000006
52,202382,1,2,2,1,2,1,2,156921,103764,104017,1,1,0.6612499283078747,0.07999999999999997,0.3,0.2,0.42000000000000004
41,95247,2,3,2,1,4,1,2,54617,24484,300349,1,2,0.44828533240566126,0.08499999999999999,0.33999999999999997,0.2,0.375
40,188604,1,3,1,1,2,2,2,129373,60519,360711,1,2,0.46778694163388035,0.25999999999999995,0.19999999999999998,0.18333333333333332,0.3566666666666667
25,65428,2,1,1,0,0,2,2,31196,11120,489494,1,3,0.356455955891781,0.285,0.24,0.13333333333333333,0.3416666666666668
25,74504,2,1,1,0,0,2,2,26853,9446,270054,1,3,0.35176702789260045,0.285,0.24,0.13333333333333333,0.3416666666666668
23,62255,3,3,1,0,0,2,1,17652,7243,189353,1,3,0.4103217765692273,0.235,0.16999999999999996,0.09666666666666665,0.4983333333333334
49,180415,1,3,1,1,1,2,2,105591,59021,392468,1,1,0.5589586233675219,0.21499999999999997,0.19999999999999998,0.2,0.385
30,8000,1,4,3,1,2,1,1,7200,2378,133040,1,2,0.3302777777777778,0.13,0.25,0.2,0.41999999999999993
49,181781,1,3,1,1,2,1,2,128268,52481,456359,1,1,0.4091511522749244,0.09499999999999999,0.3,0.2,0.405
50,134813,3,4,1,1,1,1,1,59913,74185,540993,1,1,1.2382120741742193,0.05,0.27,0.2,0.48
43,121519,3,3,1,1,1,2,1,57122,36956,285587,1,2,0.6469661426420643,0.13499999999999998,0.16999999999999996,0.16333333333333333,0.5316666666666667
28,91483,2,2,1,1,2,2,2,55829,25625,137677,1,3,0.4589908470508159,0.26999999999999996,0.24,0.14333333333333334,0.3466666666666667
22,11777,3,1,3,0,0,1,1,8000,2747,191669,1,3,0.343375,0.11999999999999998,0.27,0.14333333333333334,0.4666666666666667
50,136315,2,3,1,2,0,1,1,71451,75591,317505,1,1,1.0579418062728303,0.05,0.29,0.2,0.45999999999999996
59,122917,2,3,1,1,2,1,1,75574,58082,411628,1,1,0.7685447376081721,0.05,0.29,0.2,0.45999999999999996
56,157464,1,1,2,1,1,1,2,118474,94594,433152,1,1,0.7984367878184243,0.059999999999999956,0.3,0.2,0.44000000000000006
55,183521,2,2,1,1,1,2,2,77972,120558,109302,1,1,1.5461704201508233,0.13499999999999995,0.24,0.2,0.42500000000000004
43,159090,1,4,1,1,2,2,2,105535,56722,202628,1,2,0.5374709811910741,0.245,0.19999999999999998,0.19333333333333333,0.3616666666666667
50,93400,3,2,1,1,2,1,1,51722,30706,477571,1,1,0.59367387185337,0.05,0.27,0.2,0.48
25,76989,2,2,2,0,0,2,2,34287,11409,501875,1,3,0.33275002187417974,0.285,0.24,0.13333333333333333,0.3416666666666668
21,27622,2,2,4,0,0,3,2,11850,24054,110595,1,3,2.029873417721519,0.42500000000000004,0.14,0.07,0.365
39,120152,1,1,2,1,1,3,3,79894,35679,344280,1,2,0.44657921746313867,0.44499999999999995,0.15,0.13000000000000003,0.275
47,158623,1,2,1,1,2,2,2,142760,89192,156969,1,1,0.624768842813113,0.22499999999999998,0.19999999999999998,0.2,0.375
30,8000,1,2,3,1,2,2,2,7200,1961,16790,1,2,0.2723611111111111,0.31,0.19999999999999998,0.15,0.33999999999999997
23,96913,1,1,1,0,0,2,2,45399,11616,269782,1,3,0.2558646666226128,0.345,0.19999999999999998,0.12666666666666665,0.32833333333333337
34,136586,1,3,1,1,1,2,2,79723,54605,255423,1,2,0.6849340842667737,0.29,0.19999999999999998,0.1633333333333333,0.3466666666666667
25,52496,3,2,1,0,0,2,1,22601,8343,576828,1,3,0.3691429582761825,0.22499999999999998,0.16999999999999996,0.10333333333333333,0.5016666666666667
49,187134,2,3,1,1,1,1,1,86572,61287,491811,1,1,0.7079309707526683,0.05,0.29,0.2,0.45999999999999996
57,205016,1,3,1,1,1,1,2,146123,105032,131984,1,1,0.71879170288045,0.05500000000000001,0.3,0.2,0.44500000000000006
21,92266,1,1,2,0,0,3,2,47296,19950,358824,1,3,0.4218115696887686,0.47500000000000003,0.1,0.07,0.355
34,8000,1,3,3,1,3,1,2,7200,1592,91841,1,2,0.22111111111111112,0.16999999999999998,0.3,0.2,0.33000000000000007
30,68359,2,2,1,1,3,1,2,47053,11562,589228,1,2,0.24572290820989098,0.13999999999999999,0.33999999999999997,0.2,0.32000000000000006
27,98176,2,3,1,0,0,2,2,49871,28430,287520,1,3,0.5700707826191574,0.27499999999999997,0.24,0.13999999999999999,0.3450000000000001
45,78437,3,1,1,1,3,1,1,36619,18229,153462,1,1,0.4978016876484885,0.05,0.27,0.2,0.48
64,279818,1,3,1,2,1,1,2,214951,110193,98759,1,1,0.512642416178571,0.05,0.3,0.2,0.44999999999999996
63,187063,3,3,2,2,1,1,2,59003,96382,536999,1,1,1.6335101605003135,0.05,0.32,0.2,0.42999999999999994
24,56909,3,2,1,0,0,3,2,23229,14206,543645,1,3,0.6115631322915321,0.41000000000000003,0.12000000000000001,0.04999999999999999,0.41999999999999993
25,8000,1,1,3,0,0,1,1,7200,1653,2193,1,3,0.22958333333333333,0.15499999999999997,0.25,0.18333333333333335,0.4116666666666666
45,89698,3,3,1,1,2,2,1,35048,36815,543147,1,1,1.0504165715590048,0.12499999999999997,0.16999999999999996,0.16999999999999998,0.5350000000000001
23,83061,1,3,1,0,0,2,2,54602,10800,235742,1,3,0.19779495256584007,0.345,0.19999999999999998,0.12666666666666665,0.32833333333333337
38,101450,3,2,1,1,2,1,1,41195,19607,119486,1,2,0.4759558198810535,0.05,0.27,0.19666666666666668,0.4833333333333333
39,183839,1,3,1,1,1,1,2,135546,80352,523895,1,2,0.5928024434509318,0.14499999999999996,0.3,0.2,0.355
52,94495,3,2,1,2,1,1,1,40258,58347,531933,1,1,1.449326841869939,0.05,0.27,0.2,0.48
39,78631,3,3,2,1,3,1,1,32617,24301,398115,1,2,0.7450409295766012,0.05,0.27,0.2,0.48
31,83432,3,1,1,1,2,1,1,45181,18621,387216,1,2,0.41214227219406385,0.07499999999999998,0.27,0.1733333333333333,0.4816666666666667
20,79362,2,3,2,0,0,2,2,43228,11135,506560,1,3,0.257587674655316,0.30999999999999994,0.24,0.11666666666666667,0.33333333333333337
45,185531,1,2,1,1,2,1,2,166977,93217,493154,1,1,0.5582625151967038,0.11499999999999998,0.3,0.2,0.385
33,112487,1,2,1,1,1,2,2,88742,33201,545052,1,2,0.3741294989970927,0.295,0.19999999999999998,0.16,0.345
57,185476,1,1,1,2,1,1,2,99196,92229,376373,1,1,0.9297653131174645,0.05500000000000001,0.3,0.2,0.44500000000000006
56,9521,1,1,3,1,2,1,2,8000,2460,193529,1,1,0.3075,0.059999999999999956,0.3,0.2,0.44000000000000006
30,69823,2,2,1,1,3,1,1,50085,16677,598073,1,2,0.332973944294699,0.07999999999999999,0.29,0.2,0.42999999999999994
55,191290,1,2,2,1,2,1,2,115862,112192,23308,1,1,0.9683243859073726,0.06499999999999996,0.3,0.2,0.43500000000000005
32,80743,3,3,1,1,3,1,1,49666,19036,524771,1,2,0.38328031248741595,0.06999999999999998,0.27,0.17666666666666667,0.4833333333333334
62,152441,2,1,2,2,0,1,2,57323,52634,349911,1,1,0.9182003733230989,0.05,0.33999999999999997,0.2,0.41000000000000003
22,58322,3,2,1,0,0,3,2,16524,12062,293783,1,3,0.7299685306221254,0.42000000000000004,0.12000000000000001,0.043333333333333335,0.41666666666666663
52,233759,1,2,2,1,3,1,2,206821,101326,203268,1,1,0.48992123623809963,0.07999999999999997,0.3,0.2,0.42000000000000004
25,57299,3,1,2,0,0,3,2,19692,10490,127982,1,3,0.5327036359943124,0.405,0.12000000000000001,0.053333333333333344,0.42166666666666663
29,13974,3,1,3,1,2,1,1,8000,3704,101292,1,3,0.463,0.08499999999999999,0.27,0.16666666666666666,0.4783333333333334
24,96661,1,2,1,0,0,3,2,67523,24641,535445,1,3,0.36492750618307834,0.46,0.1,0.07999999999999999,0.36
42,100575,2,2,1,1,2,2,2,57794,39894,206730,1,2,0.6902792677440565,0.19999999999999998,0.24,0.19000000000000003,0.37
29,80690,2,2,1,1,2,1,2,55519,19736,313194,1,3,0.35548190709486843,0.145,0.33999999999999997,0.19666666666666666,0.31833333333333336
63,11460,1,2,3,1,3,1,2,8379,1074,284870,1,1,0.12817758682420335,0.05,0.3,0.2,0.44999999999999996
21,70716,2,2,1,0,0,3,2,24752,14891,314281,1,3,0.6016079508726567,0.42500000000000004,0.14,0.07,0.365
32,122523,1,1,2,1,4,2,2,91302,18407,279183,1,2,0.2016056603360277,0.3,0.19999999999999998,0.15666666666666665,0.3433333333333334
59,186747,1,2,1,1,1,2,2,120313,98310,320268,1,1,0.8171186821041783,0.16499999999999998,0.19999999999999998,0.2,0.43500000000000005
21,106341,1,4,1,0,0,3,3,59388,21712,359726,1,3,0.36559574324779415,0.535,0.15,0.07,0.24499999999999988
39,120688,1,2,1,1,1,1,2,68557,27617,415995,1,2,0.4028326793762854,0.14499999999999996,0.3,0.2,0.355
20,11203,1,3,4,0,0,2,2,8000,10472,160138,1,3,1.309,0.35999999999999993,0.19999999999999998,0.11666666666666667,0.32333333333333336
56,214708,1,2,2,1,4,1,2,175876,46031,326051,1,1,0.2617241693010985,0.059999999999999956,0.3,0.2,0.44000000000000006
28,8531,3,3,3,1,2,2,1,7677,2033,163496,1,3,0.26481698580174545,0.20999999999999996,0.16999999999999996,0.11333333333333334,0.5066666666666668
36,124891,2,3,1,1,2,2,2,61709,24527,366860,1,2,0.39746228264920835,0.22999999999999998,0.24,0.17,0.36
28,74936,3,2,2,1,2,2,2,43125,20495,269240,1,3,0.4752463768115942,0.26999999999999996,0.21999999999999997,0.11333333333333334,0.3966666666666667
30,146337,1,4,2,1,1,2,2,99784,43515,428975,1,2,0.4360919586306422,0.31,0.19999999999999998,0.15,0.33999999999999997
34,107600,1,1,1,1,3,1,2,96840,26786,458861,1,2,0.2766005782734407,0.16999999999999998,0.3,0.2,0.33000000000000007
43,11028,2,1,3,1,3,1,1,8000,1435,189512,1,2,0.179375,0.05,0.29,0.2,0.45999999999999996
57,8401,1,3,3,1,2,1,2,7560,2396,11322,1,1,0.31693121693121695,0.05500000000000001,0.3,0.2,0.44500000000000006
54,10285,1,3,3,1,2,1,2,8306,1446,33976,1,1,0.17409101854081388,0.06999999999999997,0.3,0.2,0.43000000000000005
49,121815,2,1,2,1,3,1,2,93006,47651,242648,1,1,0.5123432896802357,0.05,0.33999999999999997,0.2,0.41000000000000003
50,229682,1,2,1,1,1,1,2,197927,127684,56525,1,1,0.6451065291748979,0.08999999999999998,0.3,0.2,0.41000000000000003
24,55922,2,1,1,0,0,2,2,30732,9009,436710,1,3,0.29314720812182743,0.29,0.24,0.12999999999999998,0.33999999999999997
63,29618,2,2,4,1,3,1,1,21958,23411,54587,1,1,1.066171782493852,0.05,0.29,0.2,0.45999999999999996
33,151154,1,3,1,1,1,2,2,94199,28377,477840,1,2,0.3012452361490037,0.295,0.19999999999999998,0.16,0.345
30,115568,1,2,2,1,2,1,2,104011,24519,232671,1,2,0.23573468190864427,0.19,0.3,0.2,0.31000000000000005
28,95808,2,2,2,1,4,1,2,77339,9443,255010,1,3,0.1220988117250029,0.14999999999999997,0.33999999999999997,0.19333333333333336,0.31666666666666665
53,184580,1,2,2,1,2,1,2,112190,80816,363954,1,1,0.7203494072555486,0.07499999999999997,0.3,0.2,0.42500000000000004
31,28431,1,1,4,1,2,1,2,19404,30589,43185,1,2,1.576427540713255,0.185,0.3,0.2,0.31499999999999995
54,117323,3,2,1,1,2,1,1,57376,35113,542235,1,1,0.6119806190741773,0.05,0.27,0.2,0.48
54,205593,1,3,1,1,2,1,2,134954,85667,142684,1,1,0.6347866680498541,0.06999999999999997,0.3,0.2,0.43000000000000005
20,96550,2,4,1,0,0,2,2,37376,20363,322191,1,3,0.5448148544520548,0.30999999999999994,0.24,0.11666666666666667,0.33333333333333337
59,113317,3,3,1,1,1,1,1,47519,37801,524711,1,1,0.7954923293840359,0.05,0.27,0.2,0.48
41,125084,1,1,1,1,4,1,2,111904,20232,407921,1,2,0.1807978267086074,0.135,0.3,0.2,0.365
48,163544,1,3,1,1,3,1,2,114250,36692,246164,1,1,0.3211553610503282,0.09999999999999999,0.3,0.2,0.4
27,14164,1,3,3,0,0,2,2,9609,4035,84152,1,3,0.4199188261005308,0.32499999999999996,0.19999999999999998,0.13999999999999999,0.3350000000000001
30,9922,1,3,3,1,2,2,2,8772,1655,141338,1,2,0.18866849065207478,0.31,0.19999999999999998,0.15,0.33999999999999997
60,194822,1,2,1,1,2,1,2,135226,103381,194652,1,1,0.7645053466049428,0.05,0.3,0.2,0.44999999999999996
56,138718,2,2,1,1,1,1,2,82979,92858,546569,1,1,1.1190542185372203,0.05,0.33999999999999997,0.2,0.41000000000000003
33,8000,1,2,3,1,1,2,2,7200,1000,68486,1,2,0.1388888888888889,0.295,0.19999999999999998,0.16,0.345
49,102122,2,1,1,1,2,1,1,65900,54170,599098,1,1,0.8220030349013657,0.05,0.29,0.2,0.45999999999999996
54,109600,3,1,1,2,1,1,1,50082,57699,101752,1,1,1.152090571462801,0.05,0.27,0.2,0.48
40,89228,3,1,1,1,2,1,1,50957,30612,113814,1,2,0.6007418019114155,0.05,0.27,0.2,0.48
56,174779,2,2,2,1,3,1,2,133155,80672,511920,1,1,0.6058503248094326,0.05,0.33999999999999997,0.2,0.41000000000000003
24,113119,1,3,1,0,0,2,2,76384,19460,199731,1,3,0.25476539589442815,0.33999999999999997,0.19999999999999998,0.12999999999999998,0.33000000000000007
38,25677,2,2,4,1,1,1,2,12093,26171,12153,1,2,2.16414454643182,0.09999999999999998,0.33999999999999997,0.2,0.3600000000000001
